mp-22906,4.2392,Br,Cs,3.746098729694439
mp-22691,0.6665,In,Se,2.654575417834053
mp-723629,2.9994,I,Na,3.1317950257583105
mp-1008559,1.0624,B,P,1.9574046686968982
mp-705472,0.944,As,S,2.296460600635631
mp-1245304,0.3524,Co,O,1.9374097158460952
mp-1228677,1.296,Au,Cl,2.3365718033970473
mp-11714,2.2226,C,Si,1.8843990765268843
mp-8936,0.8559,Se,Sn,2.679644824678312
mp-15668,0.4942,Na,Se,3.058817987552588
mp-2691,0.5096,Cd,Se,2.6589325182118237
mp-2853,0.4207,Ga,N,2.135235002931865
mp-557835,2.9859,F,Tl,2.437164616629543
mp-21526,0.3735,K,Pb,3.8386948088578743
mp-22851,3.9736,Cl,Na,3.0329855088798228
mp-691,0.6751,Se,Sn,2.766501208457349
mp-1200168,1.9412,C,Si,1.8937939413357034
mp-1008786,0.4271,Mg,Te,2.9723952179798236
mp-1183441,2.2712,Be,Te,2.451871018426996
mp-2605,3.6301,Ca,O,2.4035555506998865
mp-997569,2.1634,Al,P,2.2506705597271632
mp-1444738,3.8797,Cs,I,3.878964003721448
mp-634101,2.784,Cl,H,1.5335830014208232
mp-1199343,2.0023,S,Zn,2.3456398907758165
mp-7931,0.4594,P,Sr,3.1208613731332155
mp-1018100,0.9179,Al,Sb,2.6748489948927094
mp-1519,1.5535,Ca,Te,3.1958542138806405
mp-608468,1.9701,S,Zn,2.3530293603828274
mp-754983,0.3409,Cr,O,2.079782014296902
mp-568388,0.8322,Bi,I,3.0416434653593187
mp-571383,0.1783,Pd,Se,2.425406217793527
mp-10013,0.1654,S,Sn,2.8276959192856292
mp-871,0.1802,Fe,Si,2.2539866329847746
mp-1071319,0.2949,Te,Zn,2.6957267298129053
mp-7373,0.0919,As,Cd,2.654414327089411
mp-8360,0.8246,Rb,Te,3.6155684814093547
mp-1274279,1.8157,Fe,O,2.1686343212144386
mp-1244980,1.3911,S,Zn,2.2073895288950824
mp-252,2.0173,Be,Te,2.452114869478139
mp-1078644,1.6427,O,Sn,2.178010964229946
mp-13178,3.2687,Al,N,1.9122506646328736
mp-542846,1.9805,As,S,2.234977381058612
mp-1178414,0.4958,Cr,O,2.0506130231751856
mp-571195,1.069,Te,Zn,2.6658344717288496
mp-1008505,0.0268,Ba,Pd,3.3186975001614125
mp-543011,2.0396,S,Zn,2.360100818771216
mp-1245300,1.1409,S,Zn,2.1837303562264716
mp-1958,1.7616,Sr,Te,3.3558352743510893
mp-1245076,0.5374,O,Sn,2.1229313563212178
mp-1245136,1.0427,S,Zn,2.298354577272638
mp-573495,1.1833,Cl,I,2.4239541916954837
mp-1370,1.5634,Cs,Si,3.594862110864183
mp-555782,2.0638,S,Zn,2.331859980643909
mp-549706,3.3701,Mg,O,1.9733349271461347
mp-2507,2.0036,Ga,S,2.333406030059727
mp-570363,1.3839,Li,Si,2.6158591018965662
mp-726184,1.7194,Pb,S,2.6604683475898283
mp-2064,5.905,F,Rb,2.9188928799936225
mp-1181862,0.2766,Cd,S,2.7557459999999994
mp-726865,3.7324,I,K,3.5812376577900378
mp-23227,0.4321,Br,Cu,2.369695404626291
mp-22895,1.1763,Cu,I,2.603773801896238
mp-554253,2.0623,S,Zn,2.3327946339714485
mp-995197,3.5572,C,H,1.0939741682805064
mp-1245149,0.0365,N,Ta,2.0377860150340648
mp-1190649,2.7412,Mg,O,1.9558519278864726
mp-8455,5.938,Cs,F,3.20614469029031
mp-1068462,0.6296,La,S,2.344812854822407
mp-1017533,0.2059,N,Y,2.4835329708747667
mp-1245197,0.8604,S,Zn,2.3262709799380734
mp-1232659,1.3105,Mn,O,2.198528108381512
mp-1244882,0.5801,Co,O,1.8538786860348297
mp-1184046,0.5736,Cl,Cu,2.320556635039382
mp-574424,1.9567,N,Se,1.8047658166359983
mp-557151,2.0574,S,Zn,2.355046980806568
mp-570935,4.3713,I,Li,2.7625668884583106
mp-567505,1.7772,C,Si,1.8834246712479685
mp-632326,5.8162,Cl,H,1.2978880288727017
mp-8062,1.3669,C,Si,1.8853339349874463
mp-1342,2.0906,Ba,O,2.7903915727743627
mp-22858,2.1452,I,Tl,3.3444210205947495
mp-8882,1.3002,Ga,P,2.357419196275227
mp-1179985,1.3982,Br,P,2.0470561787848442
mp-866291,1.1708,Ag,Br,2.7019094893127016
mp-999295,1.1276,N,Pr,2.4215773831116385
mp-1479,1.2435,B,P,1.9624758603469674
mp-6913,0.7005,N,Y,2.3324201881276014
mp-556468,2.0575,S,Zn,2.3581049452077534
mp-754282,2.9393,O,Sr,2.573765781177877
mp-7991,3.9617,B,N,1.444322144553615
mp-1002107,0.0812,La,Rh,2.926464361406663
mp-2231,0.9048,S,Sn,2.6297920400353876
mp-1639,4.4506,B,N,1.5701049213744067
mp-31104,0.4059,Bi,K,3.60744066145326
mp-1876,0.1031,S,Sn,2.905303814743631
mp-1244884,0.1341,Ga,N,1.884516386353144
mp-358,0.4802,Hg,Te,2.7193306118453333
mp-1265,4.4292,Mg,O,2.0970011994325355
mp-1244943,1.1885,B,N,1.3877229378449993
mp-1079612,4.9171,C,H,1.0931464093253607
mp-714885,0.9011,O,V,2.1998775769554
mp-570858,0.4438,Ag,Cl,2.7330053374172745
mp-556155,2.0223,S,Zn,2.331947582464565
mp-647075,1.9988,S,Zn,2.3596479378359607
mp-542374,0.7031,K,Sn,3.7876546602783607
mp-1283030,1.7989,Fe,O,2.172401132523118
mp-9889,1.8665,Ga,S,2.337552969484259
mp-1202182,1.993,S,Zn,2.351417944439651
mp-542738,2.3579,N,S,1.6296298054847231
mp-1066781,1.832,Br,Cl,2.3796992430193917
mp-1180520,0.4295,Li,S,2.4221329045416007
mp-567290,1.1169,La,N,2.440651452522891
mp-1179882,0.1826,N,Na,2.521982087014578
mp-630528,0.4359,In,S,2.551591245097211
mp-1009819,2.7426,O,Sr,2.7207954751711854
mp-1245121,1.0038,S,Zn,2.289843674596329
mp-23299,4.7794,Cl,Rb,3.408650450206393
mp-1345,0.4062,Ca,P,2.9548672860003724
mp-1836,0.078,Se,Tl,3.486458696271898
mp-568656,2.0052,C,Si,1.8832062978495394
mp-624397,1.996,C,Si,1.8961910433188194
mp-7826,1.3101,Hg,O,2.0580844192254504
mp-570804,1.8433,C,Si,1.8958873881837133
mp-1009220,1.033,H,Na,2.559212455333085
mp-1245046,0.0412,Ga,N,1.961730277289418
mp-1244927,0.1326,Ga,N,1.965421207986434
mp-13151,4.7783,B,N,1.541117693699705
mp-604884,4.3683,B,N,1.4446603071106905
mp-1273331,0.8225,O,V,2.1964731672080156
mp-22903,3.7765,I,Rb,3.6911669654591623
mp-542812,1.0066,Ga,Te,2.4256277538931976
mp-1200287,1.159,Rb,Si,3.617014415224875
mp-555773,2.0281,S,Zn,2.332792959956942
mp-976280,4.935,Br,Li,2.524171093416748
mp-672237,1.537,O,Pb,2.304986430134001
mp-1009820,0.6257,C,Sn,2.202571072565444
mp-542810,1.9674,As,S,2.239277562552817
mp-30373,0.3699,Au,Rb,3.554682243208482
mp-561196,2.0271,S,Zn,2.33172407604237
mp-1245231,1.6715,B,N,1.4770397045037111
mp-545552,1.6851,O,Sn,2.1513564286942355
mp-1178531,2.2831,Ba,O,2.802472760839255
mp-555151,2.0233,S,Zn,2.3338528020871507
mp-1245141,0.0163,O,Ti,2.019640858955738
mp-1008223,3.1661,Ca,Se,2.857883835041496
mp-1245199,1.2531,S,Zn,2.2073010658348684
mp-614603,3.8556,Cs,I,3.9050803466403057
mp-553880,2.7016,S,Zn,2.3289318743893865
mp-804,1.7265,Ga,N,1.9490396652765758
mp-556395,1.9563,S,Zn,2.3319563268009644
mp-1244989,0.9623,S,Zn,2.2762930997558857
mp-1883,0.0419,Sn,Te,3.185812956998407
mp-1199056,1.2867,Ge,Rb,3.67337314533145
mp-22897,2.7243,Cl,Hg,2.4490435429156205
mp-505806,3.1051,C,Cs,3.3257522692881962
mp-8454,6.2747,F,K,2.822337819790315
mp-567998,1.8522,Cl,I,2.391658975170422
mp-542570,1.368,As,Se,2.385870528504402
mp-1245194,1.2368,S,Zn,2.2477230506855874
mp-1986,0.6309,O,Zn,1.9738924052256528
mp-1415,2.0728,Ca,Se,2.9702380378906943
mp-32684,4.486,Br,H,1.4428683605335701
mp-8881,1.687,Al,As,2.4535156578242465
mp-568758,0.7864,Bi,Br,3.0138776999936985
mp-1245317,1.1525,S,Zn,2.135590576916392
mp-2242,1.2376,Ge,S,2.422242578541973
mp-655344,1.286,Pb,Se,2.89119591482162
mp-2350391,1.7097,Pb,S,2.6922901901710063
mp-571555,1.4744,Cl,In,2.8184075322123667
mp-680085,2.0155,S,Zn,2.359859453443656
mp-1179622,2.7035,N,S,1.6469364220325393
mp-1245244,0.0215,Ga,N,1.9234224398208268
mp-568949,2.1678,Br,Tl,3.138393430110138
mp-7444,0.5423,Rb,Sb,3.681099936508512
mp-243,3.2749,C,K,3.0296894540153323
mp-561320,1.6721,Pb,S,2.6638660999471915
mp-568927,0.9589,Ag,I,2.982349956115237
mp-2117,0.0134,N,Tb,2.462674955684762
mp-1245035,1.3048,S,Zn,2.4897182457737417
mp-1180312,3.0614,Mg,O,2.006931890730075
mp-556105,2.0108,S,Zn,2.357811544864767
mp-1572,1.2406,Ga,Se,2.4425042634185967
mp-560725,2.0616,S,Zn,2.333824039823792
mp-2402,1.1286,Na,Si,2.869153208968863
mp-1184550,2.3757,C,Ge,1.9881144999816434
mp-555079,2.0188,S,Zn,2.333460583118964
mp-1245109,1.2176,O,Zn,1.8741520985084872
mp-1245209,1.2421,O,Zn,1.888141642182046
mp-556280,2.0238,S,Zn,2.331759785425575
mp-1224501,2.8669,H,N,1.028666350770229
mp-23197,1.8108,I,Tl,3.6704012764632434
mp-997618,0.7506,B,Sb,2.287342829871953
mp-11055,0.7472,Cs,Sn,4.040553760301713
mp-1492,0.2561,Cd,Te,2.8936853079946716
mp-1245122,1.2726,S,Zn,2.3008449360294914
mp-8884,1.1003,Te,Zn,2.6461953492888877
mp-1214295,2.1141,C,Cl,1.3594574790372775
mp-27461,4.8638,C,N,1.1681482225785338
mp-570589,1.5238,Br,Se,2.2465164933183357
mp-11342,1.2233,Ga,Se,2.4357640910153004
mp-755189,1.0884,Fe,O,2.1946110506857712
mp-567551,1.9706,C,Si,1.8850697701375556
mp-1070,0.5724,Cd,Se,2.6588759073323356
mp-2600,0.7769,Ba,Te,3.69140383876744
mp-1023900,0.4776,S,Si,2.166825612012989
mp-776658,2.0868,Ba,O,2.7932000490656708
mp-632229,4.681,Br,H,1.4482827982102335
mp-13032,3.5358,Mg,S,2.4535532076174214
mp-22917,0.9962,Br,Cu,2.5028894737705385
mp-23289,4.8005,Cl,K,3.324841266107601
mp-1095275,0.4889,Ge,P,2.338932820321347
mp-32750,1.1643,Cu,I,2.594900383716703
mp-830,1.5701,Ga,N,1.951587982666701
mp-1079260,0.6561,In,Se,2.6532793400330847
mp-1039419,0.9145,Bi,Mg,3.117444648040836
mp-582680,1.9845,S,Zn,2.3591950863892026
mp-2048,0.1245,Te,Tl,3.1451054999999997
mp-1550,1.6294,Al,P,2.3698641838672434
mp-1216,3.4606,O,Yb,2.3358319304281046
mp-10487,0.7347,Rb,Sb,3.707318313457981
mp-10695,2.0192,S,Zn,2.332797444898028
mp-1245201,0.8691,S,Zn,2.2440908962500115
mp-15621,0.4282,Al,Sb,2.665442181416154
mp-1064492,1.8293,Ca,O,2.35869270694517
mp-1205309,0.3814,B,Li,2.2102230082478176
mp-554608,2.015,S,Zn,2.335233196442009
mp-555594,2.0605,S,Zn,2.3339749103615395
mp-2175,2.2117,F,Tl,2.774107748541166
mp-1018040,2.5765,Mg,Se,2.57424672233008
mp-729933,5.7126,C,O,1.1434943592105846
mp-1244986,1.4153,S,Zn,2.306746850463281
mp-7440,0.8684,Na,P,2.8516356690554288
mp-1245255,0.93,O,Zn,1.9377108833054504
mp-554829,2.0216,S,Zn,2.3317035164268134
mp-13033,2.3638,Mg,Te,2.7989926999419987
mp-697025,4.0739,H,I,1.6359054065772458
mp-632319,2.5693,Cs,H,3.306838797667449
mp-1423059,1.111,N,Sb,2.108215451985924
mp-19006,0.1844,Mn,O,2.2236308371598725
mp-557308,2.0245,S,Zn,2.3326641000375257
mp-555136,2.4135,N,S,1.6275271919984104
mp-557009,2.0314,S,Zn,2.3333754713609562
mp-8883,0.2238,As,Ga,2.4504197222377697
mp-1120767,4.3847,Cl,Na,2.878040764143927
mp-557346,2.0266,S,Zn,2.332681225092016
mp-545512,3.12,Ca,O,2.3047682365864017
mp-1245001,0.0468,Fe,O,1.9510829927470164
mp-722819,0.5945,C,K,3.0924739985248504
mp-1225654,0.5569,Cl,Cu,2.3186963433526526
mp-581405,1.8885,S,Zn,2.3592635569961447
mp-570354,0.2019,Br,Cu,2.6827630005425402
mp-1798334,0.8331,Bi,N,2.2698692676228167
mp-9339,0.1162,Nb,P,2.5467673413760674
mp-682,6.204,F,Na,2.285893512477861
mp-1201508,1.5811,K,Si,3.490229205124042
mp-13150,4.3887,B,N,1.44467294675175
mp-727323,1.654,Pb,S,2.6585789287914805
mp-2612,0.4068,Ge,Te,3.0042879965530376
mp-1245238,1.2894,S,Zn,2.233406748344546
mp-568024,1.4968,Cl,I,2.402515437925121
mp-2798,1.7395,P,Si,2.2745303057183524
mp-628773,0.4429,Se,Sn,2.7645860663458834
mp-22898,3.8513,I,K,3.5424354554534703
mp-22875,1.9877,Br,Tl,3.464020771666311
mp-1245228,1.7402,B,N,1.556384296382541
mp-1008492,1.8129,Br,Cl,2.4099774368279787
mp-24084,3.4331,H,K,2.8362486557664752
mp-1246268,2.7455,I,Na,3.1477565916528447
mp-554681,2.0164,S,Zn,2.3322919154377297
mp-22867,4.192,Br,Rb,3.4559497092135816
mp-23251,4.3224,Br,K,3.2945409439431477
mp-556392,2.0369,S,Zn,2.333750429102086
mp-1009129,3.0483,Mg,O,2.1615948546719643
mp-1599,1.5671,B,N,1.433042488862771
mp-1017539,0.4516,O,Zn,1.956424897639206
mp-1185942,3.3878,Mg,S,2.4469789993061783
mp-1779,1.4678,Te,Yb,3.154016580738384
mp-11180,3.4916,C,Na,2.605459397836156
mp-1244963,4.7618,Be,O,1.540774069320648
mp-9281,0.3206,Te,Zn,2.7172094385602583
mp-1018019,0.0119,Pb,S,3.004526581278156
mp-1213922,1.6924,Cl,O,2.0021133482217155
mp-15619,0.0477,As,Ga,2.451284286695593
mp-8361,1.0019,Cs,Te,3.8270210109415417
mp-1245319,1.4093,S,Zn,2.264707349889256
mp-1079694,3.1234,Cs,I,3.814696123876377
mp-2114,0.151,N,Y,2.4483613424841097
mp-727322,1.4274,S,Sn,2.546547564083362
mp-542635,1.8778,N,Se,1.8031893675677253
mp-1200848,1.9337,C,Si,1.8963425975548347
mp-29504,2.0897,Cl,F,1.661704624542247
mp-557062,2.0301,S,Zn,2.332603918253621
mp-672,1.125,Cd,S,2.548240717871682
mp-1199063,1.6849,C,Si,1.892980753204497
mp-1018115,1.3092,Pb,S,2.686901806131096
mp-555628,2.036,S,Zn,2.332430804805277
mp-13456,2.0416,S,Zn,2.333624276578566
mp-1002124,0.2957,C,Hf,2.1835141832122513
mp-1012435,0.5949,Pb,S,2.8378793738144465
mp-569346,1.212,Cu,I,2.5881896935222573
mp-2201,0.4257,Pb,Se,3.0908232916663074
mp-2146,0.9106,Ge,K,3.3388373036026318
mp-1247928,0.031,B,Cl,1.55505407524822
mp-19184,0.9701,O,V,2.1863575404520503
mp-555779,2.0474,S,Zn,2.332877864470439
mp-1245130,0.0957,Ga,N,1.9712126194047508
mp-409,0.8685,Na,S,2.8242623693560276
mp-1202023,2.0011,S,Zn,2.346044926006433
mp-1287184,1.9785,O,V,2.149365847760059
mp-10759,0.0153,Ge,Se,2.8084535266458373
mp-1079172,1.0663,Pb,Se,2.878165278589563
mp-1245045,2.8658,Mg,O,2.027635616042575
mp-555858,2.0194,S,Zn,2.3630980934228107
mp-883,0.0875,Ho,N,2.427603079812192
mp-1975,0.1529,N,Tm,2.3928167297402863
mp-557026,2.023,S,Zn,2.332893652457718
mp-1057015,1.0366,Pb,S,2.9556037410224993
mp-557054,1.6895,S,Zn,2.3345104266226304
mp-1009639,1.5598,N,Pr,2.4098984196164954
mp-2793,0.2628,Au,Se,2.5018426957674555
mp-1200836,1.9881,S,Zn,2.3513897069858207
mp-1078696,0.748,Pb,S,2.721118535968746
mp-1079543,0.491,Pb,S,2.809730659256289
mp-569679,1.9671,Se,Zn,2.5403437299418
mp-573697,4.8482,Cl,Cs,3.50655077873582
mp-1245311,1.4539,Ba,O,2.5145158321186742
mp-556005,2.0389,S,Zn,2.3297563253273084
mp-971632,0.2108,Ga,P,2.3383093415006218
mp-1179154,0.4781,O,Tl,2.2308760615014407
mp-1245322,0.3002,N,Sb,2.0480851702941494
mp-556950,2.0792,S,Zn,2.3321648037155285
mp-1244907,4.4843,Be,O,1.5890600280044047
mp-1008500,2.3602,Ba,O,2.7618671483193453
mp-1205121,0.2452,Bi,Cs,3.893993980801798
mp-1202959,1.9925,S,Zn,2.351718330573143
mp-7140,2.3029,C,Si,1.8818902715997818
mp-1244975,0.1039,Ga,N,2.013443699064592
mp-189,0.2299,Ru,Si,2.3800091729278208
mp-1244886,0.0485,Ga,N,2.1972931022542803
mp-1245232,1.8877,Mg,O,2.014180374231879
mp-554004,2.0279,S,Zn,2.3358292664848643
mp-1245172,0.0165,Ga,N,1.9899512993786184
mp-1180106,0.3534,Na,S,2.63347689
mp-22870,1.2571,Br,In,2.983384595321808
mp-20485,0.459,In,Se,2.652570363380229
mp-1245305,2.4878,Ca,O,2.2268684140589046
mp-1009792,0.6642,C,Ru,1.977170636974042
mp-571636,1.4018,Cl,In,2.872519075518517
mp-1000,1.593,Ba,Te,3.544919701065883
mp-571298,1.9608,C,Si,1.8807619993733806
mp-21255,0.0906,Fe,Ge,2.3670184528607816
mp-1245310,0.5838,S,Zn,2.362594990079207
mp-582034,1.6891,C,Si,1.8831301322213974
mp-554820,2.0195,S,Zn,2.3324790240127653
mp-1192189,4.0527,Mg,O,2.093248309045439
mp-581602,2.0309,S,Zn,2.3617952832277296
mp-568560,2.2962,Br,Tl,3.3420417460293534
mp-1180648,0.376,K,S,3.0158158149999994
mp-1203761,1.9718,S,Zn,2.3459978542827735
mp-11051,0.3429,Na,Sn,3.3994111732318797
mp-1238792,0.6032,F,O,2.0492482991556433
mp-1410,0.0431,Dy,N,2.444517134665374
mp-1244917,1.1992,B,N,1.4497462723569405
mp-556363,2.0282,S,Zn,2.332383692156827
mp-10653,0.4699,Sr,Te,3.5402391045368664
mp-10648,2.2566,Se,Yb,2.8893840012653245
mp-984718,1.1428,As,B,2.080765741287646
mp-555410,2.064,S,Zn,2.332075839938072
mp-19717,0.8063,Pb,Te,3.270896674280737
mp-938,0.8086,Ge,Te,2.812737527291349
mp-629015,3.9745,B,N,1.4444658656539504
mp-1065577,3.271,Mg,O,2.01286116510363
mp-1379,1.2738,S,Sn,2.5819448528892024
mp-10009,0.7853,Ga,Te,2.4398397496874336
mp-540943,1.7553,Br,Se,2.224361503621849
mp-20878,2.1565,O,Pb,2.2322300644855244
mp-978534,0.4089,Ge,Si,2.39582260543473
mp-16364,0.0774,Sn,Te,3.1273441734424416
mp-1245195,2.075,Mg,O,1.9401205810841406
mp-1060281,3.5086,B,N,1.3099109993158722
mp-1536,0.6095,K,Sb,3.5506390000494967
mp-866501,1.2152,Cs,Ge,3.8057009183344808
mp-1077506,0.947,B,N,1.390529538146221
mp-29803,2.1634,H,Si,1.4907429183189567
mp-2624,1.2255,Al,Sb,2.6782014540399834
mp-288,0.3848,Pt,S,2.321827164091215
mp-22859,1.6426,Hg,I,2.6293082982163263
mp-1778,6.8477,Be,O,1.6443703890814463
mp-554986,2.0291,S,Zn,2.359460310295832
mp-1179336,0.2391,Se,Sn,2.7402068559600004
mp-22408,0.588,Co,O,1.909125550539136
mp-18377,2.0462,S,Zn,2.3624782293587745
mp-1244870,0.03,N,Ta,2.0458153204790905
mp-581412,2.0194,S,Zn,2.358985682201521
mp-7943,0.3285,As,Li,2.6454580646111348
mp-1287,1.469,K,S,3.2248312849362937
mp-556152,2.0263,S,Zn,2.3323790472167616
mp-720,3.205,F,Tl,2.4422258524331424
mp-966800,0.5134,In,P,2.5547335090349423
mp-726265,0.6022,Ag,Cl,2.97390785390986
mp-560588,2.0701,S,Zn,2.332113646786007
mp-1039365,0.1128,Ce,Mg,3.1661161257718615
mp-1245070,1.3785,S,Zn,2.316116305254156
mp-1204039,0.5216,Cs,Sb,3.8297896104469955
mp-1536913,6.9686,F,H,0.9477909862555878
mp-567809,1.5986,Ag,I,2.905238035486003
mp-550714,2.3054,O,Pb,2.254501869918715
mp-28096,2.8804,Cl,S,1.9190865571295694
mp-1063670,0.9044,Pb,Se,2.8158404242652115
mp-21405,1.0804,In,Se,2.6811934355133524
mp-286,1.9621,Se,Yb,2.9250448759925893
mp-1820,2.2246,S,Yb,2.8025554398508135
mp-1138,8.6959,F,Li,2.0417135165382514
mp-1247744,0.0879,Ba,Na,4.157556075041574
mp-554961,2.018,S,Zn,2.3336613047927273
mp-23870,3.7666,H,Na,2.386421450105314
mp-406,0.5846,Cd,Te,2.8423933048935686
mp-1021511,1.5192,Cd,S,2.462951463672806
mp-570690,1.6644,C,Si,1.8967705105291013
mp-1018275,0.8334,Ga,P,2.403280036566569
mp-554713,2.034,S,Zn,2.333705603865343
mp-1288,0.1826,Ag,O,2.1530607665981556
mp-1214172,3.2086,C,F,1.3511609709899242
mp-1943,1.2387,Ga,Se,2.4411045464996874
mp-28885,2.2421,P,Se,2.191540199077737
mp-23212,0.1702,Br,Cu,2.479429160044012
mp-1245079,4.3211,Be,O,1.4998807553708111
mp-23273,0.7793,I,Te,2.7666196358947714
mp-634105,1.4833,Br,H,1.6768879999191917
mp-22863,1.5722,Cu,I,2.6488860203717186
mp-23177,2.2557,Br,Hg,2.5784867992194607
mp-556742,2.0183,Ga,S,2.33286932238728
mp-571056,1.0631,Cs,Sn,3.8933378390300497
mp-559676,0.3113,S,Sn,2.570491252046492
mp-581476,2.0314,S,Zn,2.359609809442303
mp-569639,2.5369,Cl,Tl,3.219550627669734
mp-1178514,2.2061,Ba,O,2.609612065711999
mp-1087486,1.2238,Pb,S,2.7333690813276976
mp-1197730,2.0037,C,Si,1.8846101663547343
mp-1245301,0.8285,B,N,1.4903435585892242
mp-1244962,2.2025,Mg,O,1.9678574857806508
mp-1244921,1.0343,S,Zn,2.2698564290954475
mp-570301,0.699,Ag,Br,2.883567886275549
mp-21525,0.405,Pb,Rb,3.980859024361159
mp-555583,2.03,S,Zn,2.3351926270505166
mp-571102,2.2086,I,Tl,3.5210307588222176
mp-2488,0.5122,Os,Si,2.374089339788847
mp-684592,1.8061,H,N,1.0342452336012082
mp-1038799,0.2696,Bi,Mg,2.96532214486998
mp-1245013,0.0805,Ga,N,1.9356311325256275
mp-632296,6.7187,F,H,0.9488877572314807
mp-1214158,4.467,C,F,1.395229721804974
mp-1245068,0.8362,S,Zn,2.3020185724170577
mp-1039711,0.0803,Ce,Mg,2.703950012658132
mp-714851,2.8663,B,N,1.4002389677879337
mp-1267,3.3844,C,Na,2.612915598087731
mp-2653,5.1976,B,N,1.5671098690231888
mp-1078944,1.1332,Pb,S,2.6060780473121583
mp-28099,2.2489,Br,S,1.919331496389866
mp-570791,1.9695,C,Si,1.8825887283019753
mp-1190,1.1663,Se,Zn,2.452966861233393
mp-1064300,0.5841,C,K,3.077600714667837
mp-1078500,1.2177,Pb,S,2.7502055445976517
mp-1078801,3.8727,Cs,I,3.8909737556920505
mp-554405,2.0715,S,Zn,2.3328027162973766
mp-1700,3.3056,Al,N,1.8913934488494932
mp-1078836,3.7452,I,K,3.5871277622645397
mp-2517816,0.0986,Pb,Te,3.306583620133436
mp-12779,0.6186,Cd,Te,2.840662803848874
mp-8880,1.9533,Al,P,2.3675366188297775
mp-555280,2.0347,S,Zn,2.3332924682717784
mp-2758,2.2313,Se,Sr,3.1397099640339254
mp-988945,0.3385,Al,As,2.436288275026364
mp-864928,1.3235,Br,Cl,2.165784123299999
mp-1245316,0.6422,S,Zn,2.280537287896329
mp-1080459,0.155,Ge,Te,2.745661847398144
mp-8781,1.456,S,Sn,2.559672955718927
mp-1074,1.3488,Rb,Si,3.4542122952563563
mp-556775,2.0399,S,Zn,2.329387833769829
mp-1245014,0.0973,N,Sb,1.9901945487699921
mp-1056920,3.6776,Cs,I,4.040192106040008
mp-567944,3.3203,B,Cl,1.6891990311679992
mp-556660,5.8483,C,O,1.1427853555923095
mp-557719,2.0962,Pb,S,2.659229215882827
mp-2542,7.4639,Be,O,1.6457753060553233
mp-7372,0.2953,As,Zn,2.470706693062623
mp-2352325,1.5518,Br,H,1.6799078814728976
mp-684609,5.1812,Cl,H,1.2812148562879855
mp-1201781,1.9874,S,Zn,2.3448403880848354
mp-1245252,0.298,N,Sb,2.111789826342216
mp-23922,4.1606,H,N,1.03610787652595
mp-29657,0.7667,Ge,Na,2.9268870472608084
mp-1038761,0.3358,Bi,Mg,3.1456620803040716
mp-1245115,0.4427,O,Sn,2.1757838230130093
mp-1245216,0.8601,S,Zn,2.2962777614072394
mp-1067451,1.376,B,Tc,1.7686438199319978
mp-1227290,0.1101,Bi,Sb,3.0057135981499394
mp-22914,0.5646,Cl,Cu,2.3124345845002385
mp-2534,0.1861,As,Ga,2.4899017527871283
mp-10044,1.2037,As,B,2.086798193403361
mp-2400,1.2348,Na,S,2.9594284520396124
mp-23268,3.5687,I,Na,3.2186566398880925
mp-1321,0.0201,Cd,Sb,2.8360172131139216
mp-1888,1.015,Ge,Rb,3.600719988710735
mp-22922,0.9522,Ag,Cl,2.77266293626934
mp-1245193,0.2781,B,N,1.4174662886859803
mp-554889,2.0385,S,Zn,2.3330737219329922
mp-1204356,1.8389,C,Si,1.8837165312242468
mp-13099,2.2652,N,Y,2.293229204796561
mp-568735,1.998,C,Si,1.8847809634835513
mp-1245236,0.8344,S,Zn,2.228367011808982
mp-571079,2.5181,Cl,Tl,2.9743342211382116
mp-866482,1.2115,Cs,Si,3.742044948750785
mp-1181864,0.8257,Ga,N,1.9486658539936001
mp-1009813,0.4292,Si,Sn,2.628074464882469
mp-9063,0.9245,Rb,Se,3.4341511662796296
mp-1096986,3.0918,C,H,1.1050235551485923
mp-23302,3.3463,I,Rb,3.848061165916436
mp-581601,2.0189,S,Zn,2.359223069751851
mp-555311,2.0318,S,Zn,2.331975498923553
mp-730522,2.4739,Br,H,1.6391152678369418
mp-2133,0.7227,O,Zn,1.9727909745757282
mp-322,0.5267,S,Tl,3.387985321358375
mp-1245039,1.9229,Mg,O,2.0383409326060904
mp-1245030,0.0571,Ga,N,1.9641603737500788
mp-1071269,0.2789,Hg,Te,2.716243186579234
mp-561118,2.0338,S,Zn,2.3336382860565106
mp-7944,0.6041,Na,Sb,3.242142196112586
mp-1245296,0.8374,S,Zn,2.3210399776273407
mp-13031,2.6533,Mg,Se,2.5711664607620732
mp-9946,2.0368,S,Zn,2.3315333554004734
mp-1245082,0.8844,S,Zn,2.3326412989320735
mp-680087,2.0198,S,Zn,2.360152335162159
mp-558071,1.7115,Rb,S,3.3477676954771645
mp-849689,1.161,Fe,O,2.1410136368740926
mp-1009127,2.2579,Mg,O,2.304814028869791
mp-1245054,0.91,S,Zn,2.2827829670869013
mp-24721,2.9163,H,Rb,3.0040812151809546
mp-1245329,0.5356,O,Sn,2.097135197436005
mp-753,0.0282,Sb,Zn,2.6570538735997684
mp-236,1.9571,N,S,1.6484332752800925
mp-1245004,0.8022,S,Zn,2.255066241922406
mp-1672,2.3819,Ca,S,2.8523742872925
mp-1207665,0.178,C,Y,1.9156809785773956
mp-1784,5.2626,Cs,F,3.006139399470931
mp-10680,1.2126,Ba,Se,3.4766970886103947
mp-1179684,0.3291,Rb,S,3.17692156
mp-1378,3.2849,C,Li,2.186269216381176
mp-28353,0.7888,Na,Te,3.1579385435329894
mp-1007922,1.3599,Cu,I,2.4560939203390015
mp-556543,2.0163,S,Zn,2.3324357814847
mp-554134,1.668,S,Sn,2.559361264956625
mp-684580,1.704,Ag,I,2.8784817209587628
mp-570136,1.4615,Cu,I,2.5788829474401718
mp-1201158,2.0046,S,Zn,2.353472974002113
mp-1253,1.9488,Ba,Se,3.333621773601988
mp-9252,1.6863,Hg,S,2.389585197333909
mp-1181264,2.1769,Ge,Te,2.37942077829047
mp-999305,0.1755,Pr,Rh,2.9616775917953917
mp-1244969,0.2204,S,Zn,2.236009774298983
mp-12910,0.5488,Ge,S,2.3509644327623342
mp-22865,4.9884,Cl,Cs,3.588548028059408
mp-1198139,1.9919,S,Zn,2.351027835523058
mp-571286,1.8004,C,Si,1.8835072355998972
mp-504825,2.1951,Cl,Se,2.219043190636243
mp-22899,4.2513,I,Li,2.9841772361054675
mp-561066,0.8102,S,Tl,3.222792581514565
mp-1008524,0.4488,Be,Se,2.4625110626700564
mp-1244995,0.1484,Ga,N,1.9469398945667915
mp-1245050,0.8705,S,Zn,2.3799423347353033
mp-554999,2.0197,S,Zn,2.3314754102255684
mp-1039395,0.5468,Bi,Mg,3.214008800255034
mp-1038953,0.2544,Ca,Mg,3.365129342391379
mp-1541,2.6637,Be,Se,2.2377821380464367
mp-776911,3.4257,Mg,O,1.9715577894417393
mp-1096549,0.5091,Ge,Si,2.3813627821049392
mp-1009009,7.5593,F,Li,2.216620599824595
mp-554115,2.2865,S,Zn,2.3336108914033495
mp-23303,3.9211,Br,Rb,3.573287759778306
mp-556576,2.0892,S,Zn,2.3589456362850005
mp-1079574,0.8024,Pb,Te,3.040385978050965
mp-11713,1.9739,C,Si,1.8827051386312357
mp-505366,1.6885,Au,Br,2.473614877900158
mp-1178247,2.0878,Fe,O,2.193590174124365
mp-1096804,0.8512,Ag,H,1.9622326487991513
mp-2667,1.0233,Au,Cs,3.709060676468943
mp-23259,4.9025,Br,Li,2.7226904523375905
mp-2646987,0.4049,In,O,2.1452610562220484
mp-1077107,1.2712,Hg,O,2.0704456316483952
mp-2472,3.2748,O,Sr,2.5837844062350728
mp-9064,0.4374,Rb,Te,3.744042272761183
mp-1224,1.1867,Hg,O,2.0528326328892983
mp-555664,2.0713,S,Zn,2.3313581780312163
mp-1245143,1.8773,Mg,O,1.896784568042993
mp-556000,2.0254,S,Zn,2.3317080303812205
mp-685146,1.4843,Cd,Te,2.8571226221955226
mp-1244890,0.8751,S,Zn,2.2789295458952954
mp-581258,2.03,S,Zn,2.359853600331972
mp-1244902,2.1337,Ca,O,2.1477305783055285
mp-1244983,0.2905,Fe,O,1.983534690306499
mp-1039,2.3612,Mg,Te,2.8011564428130895
mp-23295,4.8388,Cl,Rb,3.308707175326886
mp-726658,2.1174,F,N,1.3329542085341828
mp-1219182,0.606,Ge,Si,2.4001566335688898
mp-1038944,0.7843,Cd,Mg,3.0532088482497586
mp-19009,2.3009,Ni,O,2.0931666263602655
mp-1039468,0.0857,Ca,Mg,3.4445686941444404
mp-1794,8.1681,Be,O,1.8246220009868925
mp-557175,2.0281,S,Zn,2.3331627568017907
mp-31105,0.2422,Bi,Rb,3.7264036035688015
mp-1181437,1.8861,Fe,O,1.812125999335221
mp-570641,1.6998,C,Si,1.8971939287178239
mp-2172,1.5037,Al,As,2.457693892431222
mp-556859,1.3043,Hg,O,2.061772113111217
mp-1245213,0.8461,S,Zn,2.3371598523898323
mp-1200568,1.9999,S,Zn,2.3517054315946373
mp-1079707,2.0869,Ca,O,2.355274790327958
mp-1245192,1.3299,Ba,O,2.608600753682078
mp-554630,2.0699,S,Zn,2.335016416869844
mp-2176,1.0733,Te,Zn,2.645634122182311
mp-1205321,0.1882,Pt,S,2.348339959104755
mp-10627,1.7896,S,Sr,3.1769553040557557
mp-713,0.6695,As,K,3.2942665570601624
mp-661,4.0467,Al,N,1.9017283002967689
mp-1025397,0.1291,Ge,Ru,2.4522013710031625
mp-556161,1.4712,S,Zn,2.3317991101757727
mp-568273,4.2319,I,Li,2.9912229494124025
mp-11875,6.1541,C,O,1.1430136013589614
mp-1244916,0.0284,Ga,N,1.8927911481198265
mp-27725,2.0942,Au,I,2.61785719887083
mp-568263,1.2121,Ga,Se,2.4390932489474544
mp-22901,3.2404,I,K,3.7162853201949337
mp-19128,0.712,Co,O,1.924869532765034
mp-1554,0.2132,K,Te,3.590916810393259
mp-10760,1.7609,Mg,Se,2.7337232659869617
mp-1006880,0.0922,B,Bi,2.399920937542115
mp-570081,1.6315,Cu,I,2.576834794314635
mp-706,1.7704,F,Hg,2.1689400374160046
mp-1245281,0.0544,B,N,1.3239613552106992
mp-1245298,1.7226,Ba,O,2.5276218548199565
mp-555381,2.0142,S,Zn,2.3325069236219402
mp-1002164,1.6581,C,Ge,1.9936571665130944
mp-23231,0.7304,Ag,Br,2.892169411066728
mp-9588,0.8095,Li,P,2.557750498026068
mp-984,4.274,B,N,1.4505510699660262
mp-463,5.9494,F,K,2.654413078539533
mp-1244903,0.0716,Ga,N,1.8821470094772126
mp-580941,1.3759,Ag,I,2.8718565625139663
mp-685145,3.2495,B,N,1.444271607406998
mp-863730,0.1155,K,Tl,3.6981359414117416
mp-1190533,3.0171,Mg,O,2.008842929314862
mp-9062,1.5781,Rb,S,3.286301191692715
mp-997630,0.2816,O,Zn,2.1618961909796353
mp-561286,2.0626,S,Zn,2.3329117636226093
mp-775808,3.4114,Mg,O,1.9708676382873325
mp-9548,0.5113,As,Ge,2.4454478182049475
mp-10802,0.5879,As,Rb,3.4484624697966577
mp-1245069,0.0767,Ga,N,1.9293088116372032
mp-685043,1.2319,B,Br,1.753637680342126
mp-2293,0.0484,Mn,Se,2.563902014520357
mp-673245,1.621,Cu,I,2.607155295930799
mp-570687,0.872,Ag,Cl,2.765640010553707
mp-1245246,0.8743,S,Zn,2.3256734938829795
mp-1245286,0.0156,Ga,N,2.0152803940290003
mp-1245117,0.3387,S,Zn,2.2405639601851672
mp-27708,0.927,Bi,I,3.078585917257245
mp-22913,0.4871,Br,Cu,2.449809578897491
mp-556815,2.0421,S,Zn,2.3322233305789517
mp-569170,1.6323,Ca,Te,3.2078560423949716
mp-30792,0.2401,Na,Pb,3.42346281361857
mp-1245133,0.4799,O,Sn,2.0904064579680885
mp-1273,1.3329,Cs,Ge,3.7541130325981245
mp-344,3.5767,B,N,1.4528829444135396
mp-756436,0.9475,Fe,O,2.170882988290363
mp-558134,3.0168,F,Tl,2.4910647741227385
mp-9268,0.7039,K,Se,3.356261889183938
mp-2490,1.6039,Ga,P,2.3606225332894506
mp-1244974,0.916,S,Zn,2.317286798951537
mp-1018049,1.7189,La,N,2.43602327265221
mp-1057286,2.3475,Cs,H,3.1912544187646232
mp-1245157,2.0815,Mg,O,1.9008097983344046
mp-2097,0.4096,O,Sn,2.226914156175189
mp-561258,2.0288,S,Zn,2.3326370547432154
mp-1087,2.497,S,Sr,3.0240166830846693
mp-32880,0.4449,Br,Cu,2.470946510404277
mp-612,2.4974,P,S,2.106820375261693
mp-22925,1.3674,Ag,I,2.842377918476279
mp-1009540,0.1453,C,Os,1.9972407761305104
mp-555214,1.5973,S,Zn,2.3340624054960593
mp-1330,4.4175,Al,N,2.0345180010661856
mp-29266,1.726,Cs,S,3.50907340563864
mp-422,3.1453,Be,S,2.1089024119662994
mp-644751,5.7747,B,N,1.5120143557282089
mp-1245248,0.7802,S,Zn,2.2623212038304668
mp-995181,0.2087,Ge,Sn,2.634306362618374
mp-1007824,0.9819,Ga,N,1.8500800008170433
mp-22862,5.0037,Cl,Na,2.7940630765474075
mp-1079720,0.116,Ag,O,2.124278273542476
mp-1217,1.2223,K,Si,3.320098062388623
mp-1244939,0.2519,Co,O,1.9629116891732088
mp-1244946,0.0439,N,Ta,2.0143867520197793
mp-570891,3.8761,Br,K,3.501772854176973
mp-23202,1.3412,I,In,3.224510553022941
mp-570140,1.9716,Au,Br,2.421878228909122
mp-7487,2.7678,Ba,O,2.6118146175890224
mp-1445941,0.8527,Bi,N,2.2723412003036882
mp-568619,1.751,C,Si,1.8831657114001925
mp-720515,4.363,H,N,1.07530432839574
mp-556328,1.9798,As,S,2.257943138417363
mp-634,1.7204,Hg,S,2.65872947459718
mp-1245200,1.9733,Ca,O,2.133338431200859
mp-1120780,1.9497,Au,Cl,2.3326546290567913
mp-700,0.8988,Ge,Se,2.5565067413886524
mp-1192043,3.1951,Mg,O,2.005377682454955
mp-7599,7.0846,Be,O,1.615226916401432
mp-19795,1.3508,In,S,2.525302026099208
mp-1009746,1.6193,P,Sc,2.569705218625676
mp-571222,4.2575,Br,Cs,3.6610349850370345
mp-555763,2.0639,S,Zn,2.333122304691609
mp-24093,0.5729,Cu,H,1.721930732216183
mp-1182980,1.8797,Ag,I,2.5622540442659987
mp-1009130,0.0839,Mn,N,1.8320499006871025
mp-553916,2.2472,S,Zn,2.3318106517609505
mp-370,0.2793,Cd,S,2.7532440033075973
mp-1272524,1.5811,Cr,O,2.0453261359131027
mp-22009,1.2995,Pb,Se,2.8296947425558296
mp-2646978,0.1887,Ga,N,1.9772424708240002
mp-1245302,0.0749,Ga,N,2.093203770491022
mp-1245280,1.1896,S,Zn,2.3634714725511157
mp-1315,2.7574,Mg,S,2.6043975054508683
mp-1079684,0.1824,N,O,1.379199430218015
mp-1039509,0.0259,Ce,Mg,2.9573798280329915
mp-1091375,0.6609,Pb,S,2.8637204504996663
mp-2072,0.6709,K,Te,3.6504267639295733
mp-1244872,1.5766,B,N,1.467030505750373
mp-556207,2.0276,S,Zn,2.3335710121613396
mp-556448,2.0158,S,Zn,2.332878182035956
mp-510752,0.0223,Cu,O,1.8164882245528793
mp-1102,0.2331,Lu,N,2.361976115445192
mp-1079587,0.1176,Pd,Yb,2.892323488877143
mp-11718,5.5244,F,Rb,2.816141525966473
mp-1217322,0.7062,Se,Te,2.627604545435007
mp-7441,1.035,K,P,3.2228192732795997
mp-1245297,1.0362,B,N,1.4023171139717852
mp-1244979,0.892,S,Zn,2.346209330307095
mp-1106381,0.5907,As,Na,2.9823993601486927
mp-2229,0.7219,O,Zn,2.169442000578545
mp-685022,0.7726,Pb,Te,3.0412950070559073
mp-1018722,1.0432,Hg,Se,2.514120309505151
mp-1245168,0.0541,Fe,O,1.921403266881825
mp-2693,0.207,Se,Sn,3.0104335399353666
mp-20412,0.2649,As,In,2.653040926325289
mp-1079101,0.9605,Pb,S,2.6518160553457384
mp-570985,1.9424,C,Si,1.8849972678647315
mp-23287,0.451,Cl,Cu,2.3277446819102754
mp-1180973,3.8943,Mg,O,2.1679243701034228
mp-1244871,1.6784,Ba,O,2.4205976189506675
mp-1244922,0.6752,S,Zn,2.2921251475591875
mp-1185301,7.4776,F,Li,1.8484031150280413
mp-22894,1.3877,Ag,I,2.8432446023330873
mp-556716,1.2133,S,Zn,2.3320419937967234
mp-573514,0.5558,Cs,Sb,3.8393024399688342
mp-1185319,5.7373,Cl,Li,2.396859483313001
mp-1229002,0.6236,As,S,2.278024060161777
mp-1191789,3.304,Mg,O,1.9501097808474117
mp-1245060,4.2425,Be,O,1.5366933267056702
mp-1271276,1.5567,N,Sb,2.0664528262179407
mp-1228799,0.4582,As,P,2.3785907296742557
mp-1172873,0.6987,Ge,Te,2.7678542419247663
mp-542604,1.9738,As,S,2.2500468622689014
mp-736227,0.1962,C,N,1.4081422418859322
mp-11054,0.7438,Rb,Sn,3.9166016303701756
mp-1188146,0.3115,As,Ca,2.9220444998765065
mp-23703,2.981,H,Li,2.0086191233376223
mp-1200692,1.9693,C,Si,1.8826678531788035
mp-1001831,1.7265,B,Li,2.0894733485124215
mp-569766,0.7871,I,Te,2.9471685209269958
mp-1244991,1.5503,B,N,1.4513981335479973
mp-23167,2.1732,Cl,Tl,3.3233442372741115
mp-1093993,0.7376,O,Zn,1.9414153773791325
mp-557418,2.0182,S,Zn,2.3312707294346744
mp-23276,2.12,Cl,In,2.8751176038353217
mp-1189723,1.2787,Na,Si,3.085085099958326
mp-1080659,0.2992,C,Os,2.0349424085677916
mp-571386,0.3261,Cl,Cu,2.5558980030813805
mp-20351,0.4546,In,P,2.556486478036915
mp-9947,1.8488,C,Si,1.8832339139208112
mp-7631,2.023,C,Si,1.8829569620908377
mp-32780,1.9094,Au,Cl,2.305847806098424
mp-1188662,0.5472,As,Na,2.9361280024701255
mp-1245034,1.2531,S,Zn,2.248181848471612
mp-380,1.2004,Se,Zn,2.451641112202261
mp-555543,2.0698,S,Zn,2.3313123493569208
mp-1245048,0.1717,N,Sb,2.072707454483006
mp-1201758,1.0525,Ge,K,3.526645670222257
mp-2168,0.4852,Se,Sn,2.705430540035746
mp-556732,2.0239,S,Zn,2.332709679369207
mp-1196782,1.9864,S,Zn,2.3446292859418265
mp-1245169,0.907,S,Zn,2.32144174403437
mp-1244896,0.0344,Ga,N,2.024315166915794
mp-1101930,2.8821,Mg,O,1.9942454768058266
mp-1009750,2.4152,N,Sc,2.1198613140955826
mp-1245220,1.024,S,Zn,2.2901833932193734
mp-581425,2.0194,S,Zn,2.3596855569269906
mp-19830,0.1243,Er,N,2.4087993750413244
mp-754824,2.5643,O,Sr,2.468291831130627
mp-10821,3.5275,C,Rb,3.1674574950638608
mp-556989,2.0305,S,Zn,2.3343946356618615
mp-1245276,1.7648,Ba,O,2.429777877445329
mp-1101023,0.7961,S,Ti,2.081594547027748
mp-866056,0.0517,Ac,N,2.5422270480804032
mp-1245128,1.9477,Mg,O,2.0033948108354402
mp-1017510,0.82,Mg,Te,2.97691931278515
mp-1500,2.1488,Ba,S,3.225675269619052
mp-1049,0.0181,As,Sr,3.194999509257947
mp-568761,0.2056,Ag,Te,2.797357672071213
mp-1245089,0.2926,Co,O,1.931499572136047
mp-10281,2.0471,S,Zn,2.3331114804450386
mp-569655,3.5892,B,N,1.4060598325272782
mp-556784,2.0502,S,Zn,2.3329067707656845
mp-22905,6.219,Cl,Li,2.542122236811019
mp-1245015,1.2763,O,Zn,1.8860534536388824
mp-23256,0.8387,B,Cl,1.6993652811621696
mp-568696,1.8139,C,Si,1.884040120360034
mp-554503,2.0191,S,Zn,2.3329035496468293
mp-1244919,4.4524,Be,O,1.6727899927607852
mp-2346983,0.803,O,Zn,1.8983115529916539
mp-1009894,0.4781,C,Zr,2.211028670749326
mp-2469,1.0492,Cd,S,2.5486722599242007
mp-1245222,0.4752,S,Zn,2.325455218240614
mp-22919,0.7684,Ag,I,3.0844999977798175
mp-21276,0.4667,Pb,S,2.9865063534194287
mp-1060967,0.1214,Ag,Br,3.12121357894117
mp-1244936,1.2384,S,Zn,2.3562601702565096
mp-23193,5.027,Cl,K,3.1418712479789668
mp-22916,4.0895,Br,Na,2.9615420410723856
mp-555666,1.8581,S,Zn,2.3321972605314887
mp-1245062,0.712,S,Zn,2.1915545790948037
