id,gap,atom1,atom2,nbr,bondlen,s1,p1,d1,f1,occ_s1,occ_p1,occ_d1,occ_f1,valence1,vdw1,ionic1,coval1,eneg1,hard1,group1,row1,is_d1,top_orb1,block_s1,block_p1,block_d1,block_f1,1hs0_1,1hs1_1,1hp0_1,1hp1_1,1hp2_1,1hp3_1,1hp4_1,1hp5_1,1hd0_1,1hd1_1,1hd2_1,1hd3_1,1hd4_1,1hd5_1,1hd6_1,1hd7_1,1hd8_1,1hd9_1,1hf0_1,1hf1_1,1hf2_1,1hf3_1,1hf4_1,1hf5_1,1hf6_1,1hf7_1,1hf8_1,1hf9_1,1hf10_1,1hf11_1,1hf12_1,1hf13_1,ihr1_1,ihr2_1,ihr3_1,ihr4_1,ihr5_1,ihr6_1,ihr7_1,s2,p2,d2,f2,occ_s2,occ_p2,occ_d2,occ_f2,valence2,vdw2,ionic2,coval2,eneg2,hard2,group2,row2,is_d2,top_orb2,block_s2,block_p2,block_d2,block_f2,1hs0_2,1hs1_2,1hp0_2,1hp1_2,1hp2_2,1hp3_2,1hp4_2,1hp5_2,1hd0_2,1hd1_2,1hd2_2,1hd3_2,1hd4_2,1hd5_2,1hd6_2,1hd7_2,1hd8_2,1hd9_2,1hf0_2,1hf1_2,1hf2_2,1hf3_2,1hf4_2,1hf5_2,1hf6_2,1hf7_2,1hf8_2,1hf9_2,1hf10_2,1hf11_2,1hf12_2,1hf13_2,ihr1_2,ihr2_2,ihr3_2,ihr4_2,ihr5_2,ihr6_2,ihr7_2,
mp-726184,1.7194,S,Pb,5,1.644370389,-0.630912,-0.261676,0,0,2,4,0,0,6,1.8,0.88,1.05,2.58,3.31,16,3,1,-0.261676,0,1,0,0,1,1,1,1,1,1,0,0,0,0,0,0,0,0,0,0,0,0,0,0,0,0,0,0,0,0,0,0,0,0,0,0,0,0,1,0,0,0,0,-0.357187,-0.141831,-0.902393,-5.592532,2,2,10,14,4,2.02,1.1225,1.46,2.33,0.86,14,6,0,-0.141831,0,1,0,0,1,1,1,1,0,0,0,0,1,1,1,1,1,1,1,1,1,1,1,1,1,1,1,1,1,1,1,1,1,1,1,1,0,0,0,0,0,1,0
mp-1018100,0.9179,Sb,Al,5,2.7989927,-0.445605,-0.185623,-1.297338,0,2,3,10,0,5,2.06,0.8300000000000001,1.39,2.05,1.95,15,5,0,-0.185623,0,1,0,0,1,1,1,1,1,0,0,0,1,1,1,1,1,1,1,1,1,1,0,0,0,0,0,0,0,0,0,0,0,0,0,0,0,0,0,0,1,0,0,-0.286883,-0.102545,0,0,2,1,0,0,3,1.84,0.675,1.21,1.61,0.35,13,3,1,-0.102545,0,1,0,0,1,1,1,0,0,0,0,0,0,0,0,0,0,0,0,0,0,0,0,0,0,0,0,0,0,0,0,0,0,0,0,0,0,0,1,0,0,0,0
mp-380,1.2004,Se,Zn,5,2.457693892,-0.621248,-0.245806,-2.011392,0,2,4,10,0,6,1.9,1.0133333333333334,1.2,2.55,3.09,16,4,0,-0.245806,0,1,0,0,1,1,1,1,1,1,0,0,1,1,1,1,1,1,1,1,1,1,0,0,0,0,0,0,0,0,0,0,0,0,0,0,0,0,0,1,0,0,0,-0.222725,-3.022363,-0.398944,0,2,0,10,0,2,2.01,0.88,1.22,1.65,1.0,12,4,0,-0.222725,0,0,1,0,1,1,0,0,0,0,0,0,1,1,1,1,1,1,1,1,1,1,0,0,0,0,0,0,0,0,0,0,0,0,0,0,0,0,0,1,0,0,0
mp-570935,4.3713,I,Li,5,2.293229205,-0.596339,-0.267904,-1.938179,0,2,5,10,0,7,1.98,1.2733333333333334,1.39,2.66,3.82,17,5,0,-0.267904,0,1,0,0,1,1,1,1,1,1,1,0,1,1,1,1,1,1,1,1,1,1,0,0,0,0,0,0,0,0,0,0,0,0,0,0,0,0,0,0,1,0,0,-0.10554,0,0,0,1,0,0,0,1,1.82,0.9,1.28,0.98,0.06,1,2,1,-0.10554,1,0,0,0,1,0,0,0,0,0,0,0,0,0,0,0,0,0,0,0,0,0,0,0,0,0,0,0,0,0,0,0,0,0,0,0,0,1,0,0,0,0,0
mp-1070,0.5724,Se,Cd,5,1.977170637,-0.621248,-0.245806,-2.011392,0,2,4,10,0,6,1.9,1.0133333333333334,1.2,2.55,3.09,16,4,0,-0.245806,0,1,0,0,1,1,1,1,1,1,0,0,1,1,1,1,1,1,1,1,1,1,0,0,0,0,0,0,0,0,0,0,0,0,0,0,0,0,0,1,0,0,0,-0.204228,-2.39526,-0.47053,0,2,0,10,0,2,2.18,1.09,1.44,1.69,0.83,12,5,0,-0.204228,0,0,1,0,1,1,0,0,0,0,0,0,1,1,1,1,1,1,1,1,1,1,0,0,0,0,0,0,0,0,0,0,0,0,0,0,0,0,0,0,1,0,0
mp-1185319,5.7373,Cl,Li,5,2.563902015,-0.754458,-0.32038,0,0,2,5,0,0,7,1.75,0.7799999999999999,1.02,3.16,5.37,17,3,1,-0.32038,0,1,0,0,1,1,1,1,1,1,1,0,0,0,0,0,0,0,0,0,0,0,0,0,0,0,0,0,0,0,0,0,0,0,0,0,0,0,1,0,0,0,0,-0.10554,0,0,0,1,0,0,0,1,1.82,0.9,1.28,0.98,0.06,1,2,1,-0.10554,1,0,0,0,1,0,0,0,0,0,0,0,0,0,0,0,0,0,0,0,0,0,0,0,0,0,0,0,0,0,0,0,0,0,0,0,0,1,0,0,0,0,0
mp-804,1.7265,N,Ga,5,2.453553208,-0.676151,-0.266297,0,0,2,3,0,0,5,1.55,0.63,0.71,3.04,4.38,15,2,1,-0.266297,0,1,0,0,1,1,1,1,1,0,0,0,0,0,0,0,0,0,0,0,0,0,0,0,0,0,0,0,0,0,0,0,0,0,0,0,0,1,0,0,0,0,0,-0.328019,-0.101634,-0.736204,0,2,1,10,0,3,1.87,0.76,1.22,1.81,0.15,13,4,0,-0.101634,0,1,0,0,1,1,1,0,0,0,0,0,1,1,1,1,1,1,1,1,1,1,0,0,0,0,0,0,0,0,0,0,0,0,0,0,0,0,0,1,0,0,0
mp-8881,1.687,As,Al,5,2.237782138,-0.52367,-0.197497,-1.542767,0,2,3,10,0,5,1.85,0.6599999999999999,1.19,2.18,2.49,15,4,0,-0.197497,0,1,0,0,1,1,1,1,1,0,0,0,1,1,1,1,1,1,1,1,1,1,0,0,0,0,0,0,0,0,0,0,0,0,0,0,0,0,0,1,0,0,0,-0.286883,-0.102545,0,0,2,1,0,0,3,1.84,0.675,1.21,1.61,0.35,13,3,1,-0.102545,0,1,0,0,1,1,1,0,0,0,0,0,0,0,0,0,0,0,0,0,0,0,0,0,0,0,0,0,0,0,0,0,0,0,0,0,0,0,1,0,0,0,0
mp-10648,2.2566,Se,Yb,5,2.878481721,-0.621248,-0.245806,-2.011392,0,2,4,10,0,6,1.9,1.0133333333333334,1.2,2.55,3.09,16,4,0,-0.245806,0,1,0,0,1,1,1,1,1,1,0,0,1,1,1,1,1,1,1,1,1,1,0,0,0,0,0,0,0,0,0,0,0,0,0,0,0,0,0,1,0,0,0,-0.136989,-0.966137,0,-0.286408,2,0,0,14,2,2.26,1.084,1.87,1.1,-0.19,3,6,0,-0.136989,0,0,0,1,1,1,0,0,0,0,0,0,0,0,0,0,0,0,0,0,0,0,1,1,1,1,1,1,1,1,1,1,1,1,1,1,0,0,0,0,0,1,0
mp-19128,0.712,O,Co,5,1.444672947,-0.871362,-0.338381,0,0,2,4,0,0,6,1.52,1.26,0.66,3.44,4.8,16,2,1,-0.338381,0,1,0,0,1,1,1,1,1,1,0,0,0,0,0,0,0,0,0,0,0,0,0,0,0,0,0,0,0,0,0,0,0,0,0,0,0,1,0,0,0,0,0,-0.204497,-2.388285,-0.322368,0,2,0,7,0,2,2.0,0.7683333333333334,1.26,1.88,1.5,9,4,0,-0.204497,0,0,1,0,1,1,0,0,0,0,0,0,1,1,1,1,1,1,1,0,0,0,0,0,0,0,0,0,0,0,0,0,0,0,0,0,0,0,0,1,0,0,0
mp-12779,0.6186,Te,Cd,5,1.891393449,-0.520997,-0.226594,-1.608381,0,2,4,10,0,6,2.06,1.2933333333333332,1.38,2.1,2.58,16,5,0,-0.226594,0,1,0,0,1,1,1,1,1,1,0,0,1,1,1,1,1,1,1,1,1,1,0,0,0,0,0,0,0,0,0,0,0,0,0,0,0,0,0,0,1,0,0,-0.204228,-2.39526,-0.47053,0,2,0,10,0,2,2.18,1.09,1.44,1.69,0.83,12,5,0,-0.204228,0,0,1,0,1,1,0,0,0,0,0,0,1,1,1,1,1,1,1,1,1,1,0,0,0,0,0,0,0,0,0,0,0,0,0,0,0,0,0,0,1,0,0
mp-561320,1.6721,S,Pb,5,2.399920938,-0.630912,-0.261676,0,0,2,4,0,0,6,1.8,0.88,1.05,2.58,3.31,16,3,1,-0.261676,0,1,0,0,1,1,1,1,1,1,0,0,0,0,0,0,0,0,0,0,0,0,0,0,0,0,0,0,0,0,0,0,0,0,0,0,0,0,1,0,0,0,0,-0.357187,-0.141831,-0.902393,-5.592532,2,2,10,14,4,2.02,1.1225,1.46,2.33,0.86,14,6,0,-0.141831,0,1,0,0,1,1,1,1,0,0,0,0,1,1,1,1,1,1,1,1,1,1,1,1,1,1,1,1,1,1,1,1,1,1,1,1,0,0,0,0,0,1,0
mp-1184550,2.3757,C,Ge,5,1.885333935,-0.500866,-0.199186,0,0,2,2,0,0,4,1.7,0.3,0.76,2.55,3.69,14,2,1,-0.199186,0,1,0,0,1,1,1,1,0,0,0,0,0,0,0,0,0,0,0,0,0,0,0,0,0,0,0,0,0,0,0,0,0,0,0,0,0,1,0,0,0,0,0,-0.426523,-0.149882,-1.117316,0,2,2,10,0,4,2.11,0.77,1.2,2.01,1.69,14,4,0,-0.149882,0,1,0,0,1,1,1,1,0,0,0,0,1,1,1,1,1,1,1,1,1,1,0,0,0,0,0,0,0,0,0,0,0,0,0,0,0,0,0,1,0,0,0
mp-1536913,6.9686,F,H,5,1.570104921,-1.086859,-0.415606,0,0,2,5,0,0,7,1.47,0.705,0.57,3.98,7.31,17,2,1,-0.415606,0,1,0,0,1,1,1,1,1,1,1,0,0,0,0,0,0,0,0,0,0,0,0,0,0,0,0,0,0,0,0,0,0,0,0,0,0,1,0,0,0,0,0,-0.233471,0,0,0,1,0,0,0,1,1.1,0.0,0.31,2.2,4.32,1,1,1,-0.233471,1,0,0,0,1,0,0,0,0,0,0,0,0,0,0,0,0,0,0,0,0,0,0,0,0,0,0,0,0,0,0,0,0,0,0,0,1,0,0,0,0,0,0
mp-1185301,7.4776,F,Li,5,2.108902412,-1.086859,-0.415606,0,0,2,5,0,0,7,1.47,0.705,0.57,3.98,7.31,17,2,1,-0.415606,0,1,0,0,1,1,1,1,1,1,1,0,0,0,0,0,0,0,0,0,0,0,0,0,0,0,0,0,0,0,0,0,0,0,0,0,0,1,0,0,0,0,0,-0.10554,0,0,0,1,0,0,0,1,1.82,0.9,1.28,0.98,0.06,1,2,1,-0.10554,1,0,0,0,1,0,0,0,0,0,0,0,0,0,0,0,0,0,0,0,0,0,0,0,0,0,0,0,0,0,0,0,0,0,0,0,0,1,0,0,0,0,0
mp-1018040,2.5765,Se,Mg,5,2.556486478,-0.621248,-0.245806,-2.011392,0,2,4,10,0,6,1.9,1.0133333333333334,1.2,2.55,3.09,16,4,0,-0.245806,0,1,0,0,1,1,1,1,1,1,0,0,1,1,1,1,1,1,1,1,1,1,0,0,0,0,0,0,0,0,0,0,0,0,0,0,0,0,0,1,0,0,0,-0.175427,-1.71897,0,0,2,0,0,0,2,1.73,0.86,1.41,1.31,0.78,2,3,1,-0.175427,1,0,0,0,1,1,0,0,0,0,0,0,0,0,0,0,0,0,0,0,0,0,0,0,0,0,0,0,0,0,0,0,0,0,0,0,0,0,1,0,0,0,0
mp-1008559,1.0624,P,B,5,2.28734283,-0.512364,-0.20608,0,0,2,3,0,0,5,1.8,0.55,1.07,2.19,2.69,15,3,1,-0.20608,0,1,0,0,1,1,1,1,1,0,0,0,0,0,0,0,0,0,0,0,0,0,0,0,0,0,0,0,0,0,0,0,0,0,0,0,0,0,1,0,0,0,0,-0.344701,-0.136603,0,0,2,1,0,0,3,1.92,0.41,0.84,2.04,1.6,13,2,1,-0.136603,0,1,0,0,1,1,1,0,0,0,0,0,0,0,0,0,0,0,0,0,0,0,0,0,0,0,0,0,0,0,0,0,0,0,0,0,0,1,0,0,0,0,0
mp-661,4.0467,N,Al,5,1.96247586,-0.676151,-0.266297,0,0,2,3,0,0,5,1.55,0.63,0.71,3.04,4.38,15,2,1,-0.266297,0,1,0,0,1,1,1,1,1,0,0,0,0,0,0,0,0,0,0,0,0,0,0,0,0,0,0,0,0,0,0,0,0,0,0,0,0,1,0,0,0,0,0,-0.286883,-0.102545,0,0,2,1,0,0,3,1.84,0.675,1.21,1.61,0.35,13,3,1,-0.102545,0,1,0,0,1,1,1,0,0,0,0,0,0,0,0,0,0,0,0,0,0,0,0,0,0,0,0,0,0,0,0,0,0,0,0,0,0,0,1,0,0,0,0
mp-1039,2.3612,Te,Mg,5,2.678201454,-0.520997,-0.226594,-1.608381,0,2,4,10,0,6,2.06,1.2933333333333332,1.38,2.1,2.58,16,5,0,-0.226594,0,1,0,0,1,1,1,1,1,1,0,0,1,1,1,1,1,1,1,1,1,1,0,0,0,0,0,0,0,0,0,0,0,0,0,0,0,0,0,0,1,0,0,-0.175427,-1.71897,0,0,2,0,0,0,2,1.73,0.86,1.41,1.31,0.78,2,3,1,-0.175427,1,0,0,0,1,1,0,0,0,0,0,0,0,0,0,0,0,0,0,0,0,0,0,0,0,0,0,0,0,0,0,0,0,0,0,0,0,0,1,0,0,0,0
mp-8882,1.3002,P,Ga,5,1.832049901,-0.512364,-0.20608,0,0,2,3,0,0,5,1.8,0.55,1.07,2.19,2.69,15,3,1,-0.20608,0,1,0,0,1,1,1,1,1,0,0,0,0,0,0,0,0,0,0,0,0,0,0,0,0,0,0,0,0,0,0,0,0,0,0,0,0,0,1,0,0,0,0,-0.328019,-0.101634,-0.736204,0,2,1,10,0,3,1.87,0.76,1.22,1.81,0.15,13,4,0,-0.101634,0,1,0,0,1,1,1,0,0,0,0,0,1,1,1,1,1,1,1,1,1,1,0,0,0,0,0,0,0,0,0,0,0,0,0,0,0,0,0,1,0,0,0
mp-1185942,3.3878,S,Mg,5,2.603773802,-0.630912,-0.261676,0,0,2,4,0,0,6,1.8,0.88,1.05,2.58,3.31,16,3,1,-0.261676,0,1,0,0,1,1,1,1,1,1,0,0,0,0,0,0,0,0,0,0,0,0,0,0,0,0,0,0,0,0,0,0,0,0,0,0,0,0,1,0,0,0,0,-0.175427,-1.71897,0,0,2,0,0,0,2,1.73,0.86,1.41,1.31,0.78,2,3,1,-0.175427,1,0,0,0,1,1,0,0,0,0,0,0,0,0,0,0,0,0,0,0,0,0,0,0,0,0,0,0,0,0,0,0,0,0,0,0,0,0,1,0,0,0,0
mp-1096804,0.8512,H,Ag,5,1.973892405,-0.233471,0,0,0,1,0,0,0,1,1.1,0.0,0.31,2.2,4.32,1,1,1,-0.233471,1,0,0,0,1,0,0,0,0,0,0,0,0,0,0,0,0,0,0,0,0,0,0,0,0,0,0,0,0,0,0,0,0,0,0,0,1,0,0,0,0,0,0,-0.157407,-2.086602,-0.298706,0,1,0,10,0,1,2.11,1.0866666666666667,1.45,1.93,1.31,11,5,0,-0.157407,0,0,1,0,1,0,0,0,0,0,0,0,1,1,1,1,1,1,1,1,1,1,0,0,0,0,0,0,0,0,0,0,0,0,0,0,0,0,0,0,1,0,0
mp-685146,1.4843,Te,Cd,5,3.166116126,-0.520997,-0.226594,-1.608381,0,2,4,10,0,6,2.06,1.2933333333333332,1.38,2.1,2.58,16,5,0,-0.226594,0,1,0,0,1,1,1,1,1,1,0,0,1,1,1,1,1,1,1,1,1,1,0,0,0,0,0,0,0,0,0,0,0,0,0,0,0,0,0,0,1,0,0,-0.204228,-2.39526,-0.47053,0,2,0,10,0,2,2.18,1.09,1.44,1.69,0.83,12,5,0,-0.204228,0,0,1,0,1,1,0,0,0,0,0,0,1,1,1,1,1,1,1,1,1,1,0,0,0,0,0,0,0,0,0,0,0,0,0,0,0,0,0,0,1,0,0
mp-1184046,0.5736,Cl,Cu,5,1.951587983,-0.754458,-0.32038,0,0,2,5,0,0,7,1.75,0.7799999999999999,1.02,3.16,5.37,17,3,1,-0.32038,0,1,0,0,1,1,1,1,1,1,1,0,0,0,0,0,0,0,0,0,0,0,0,0,0,0,0,0,0,0,0,0,0,0,0,0,0,0,1,0,0,0,0,-0.172056,-2.609244,-0.202272,0,1,0,10,0,1,1.96,0.82,1.32,1.9,1.31,11,4,0,-0.172056,0,0,1,0,1,0,0,0,0,0,0,0,1,1,1,1,1,1,1,1,1,1,0,0,0,0,0,0,0,0,0,0,0,0,0,0,0,0,0,1,0,0,0
mp-8880,1.9533,P,Al,5,2.701909489,-0.512364,-0.20608,0,0,2,3,0,0,5,1.8,0.55,1.07,2.19,2.69,15,3,1,-0.20608,0,1,0,0,1,1,1,1,1,0,0,0,0,0,0,0,0,0,0,0,0,0,0,0,0,0,0,0,0,0,0,0,0,0,0,0,0,0,1,0,0,0,0,-0.286883,-0.102545,0,0,2,1,0,0,3,1.84,0.675,1.21,1.61,0.35,13,3,1,-0.102545,0,1,0,0,1,1,1,0,0,0,0,0,0,0,0,0,0,0,0,0,0,0,0,0,0,0,0,0,0,0,0,0,0,0,0,0,0,0,1,0,0,0,0
mp-2490,1.6039,P,Ga,4,2.449809579,-0.512364,-0.20608,0,0,2,3,0,0,5,1.8,0.55,1.07,2.19,2.69,15,3,1,-0.20608,0,1,0,0,1,1,1,1,1,0,0,0,0,0,0,0,0,0,0,0,0,0,0,0,0,0,0,0,0,0,0,0,0,0,0,0,0,0,1,0,0,0,0,-0.328019,-0.101634,-0.736204,0,2,1,10,0,3,1.87,0.76,1.22,1.81,0.15,13,4,0,-0.101634,0,1,0,0,1,1,1,0,0,0,0,0,1,1,1,1,1,1,1,1,1,1,0,0,0,0,0,0,0,0,0,0,0,0,0,0,0,0,0,1,0,0,0
mp-22925,1.3674,I,Ag,4,2.47094651,-0.596339,-0.267904,-1.938179,0,2,5,10,0,7,1.98,1.2733333333333334,1.39,2.66,3.82,17,5,0,-0.267904,0,1,0,0,1,1,1,1,1,1,1,0,1,1,1,1,1,1,1,1,1,1,0,0,0,0,0,0,0,0,0,0,0,0,0,0,0,0,0,0,1,0,0,-0.157407,-2.086602,-0.298706,0,1,0,10,0,1,2.11,1.0866666666666667,1.45,1.93,1.31,11,5,0,-0.157407,0,0,1,0,1,0,0,0,0,0,0,0,1,1,1,1,1,1,1,1,1,1,0,0,0,0,0,0,0,0,0,0,0,0,0,0,0,0,0,0,1,0,0
mp-1009813,0.4292,Si,Sn,4,2.842393305,-0.398139,-0.153293,0,0,2,2,0,0,4,2.1,0.54,1.11,1.9,2.05,14,3,1,-0.153293,0,1,0,0,1,1,1,1,0,0,0,0,0,0,0,0,0,0,0,0,0,0,0,0,0,0,0,0,0,0,0,0,0,0,0,0,0,0,1,0,0,0,0,-0.369349,-0.14445,-1.004952,0,2,2,10,0,4,2.17,0.83,1.39,1.96,1.27,14,5,0,-0.14445,0,1,0,0,1,1,1,1,0,0,0,0,1,1,1,1,1,1,1,1,1,1,0,0,0,0,0,0,0,0,0,0,0,0,0,0,0,0,0,0,1,0,0
mp-1550,1.6294,P,Al,4,2.569705219,-0.512364,-0.20608,0,0,2,3,0,0,5,1.8,0.55,1.07,2.19,2.69,15,3,1,-0.20608,0,1,0,0,1,1,1,1,1,0,0,0,0,0,0,0,0,0,0,0,0,0,0,0,0,0,0,0,0,0,0,0,0,0,0,0,0,0,1,0,0,0,0,-0.286883,-0.102545,0,0,2,1,0,0,3,1.84,0.675,1.21,1.61,0.35,13,3,1,-0.102545,0,1,0,0,1,1,1,0,0,0,0,0,0,0,0,0,0,0,0,0,0,0,0,0,0,0,0,0,0,0,0,0,0,0,0,0,0,0,1,0,0,0,0
mp-22914,0.5646,Cl,Cu,4,2.318696343,-0.754458,-0.32038,0,0,2,5,0,0,7,1.75,0.7799999999999999,1.02,3.16,5.37,17,3,1,-0.32038,0,1,0,0,1,1,1,1,1,1,1,0,0,0,0,0,0,0,0,0,0,0,0,0,0,0,0,0,0,0,0,0,0,0,0,0,0,0,1,0,0,0,0,-0.172056,-2.609244,-0.202272,0,1,0,10,0,1,1.96,0.82,1.32,1.9,1.31,11,4,0,-0.172056,0,0,1,0,1,0,0,0,0,0,0,0,1,1,1,1,1,1,1,1,1,1,0,0,0,0,0,0,0,0,0,0,0,0,0,0,0,0,0,1,0,0,0
mp-10013,0.1654,S,Sn,4,2.119861314,-0.630912,-0.261676,0,0,2,4,0,0,6,1.8,0.88,1.05,2.58,3.31,16,3,1,-0.261676,0,1,0,0,1,1,1,1,1,1,0,0,0,0,0,0,0,0,0,0,0,0,0,0,0,0,0,0,0,0,0,0,0,0,0,0,0,0,1,0,0,0,0,-0.369349,-0.14445,-1.004952,0,2,2,10,0,4,2.17,0.83,1.39,1.96,1.27,14,5,0,-0.14445,0,1,0,0,1,1,1,1,0,0,0,0,1,1,1,1,1,1,1,1,1,1,0,0,0,0,0,0,0,0,0,0,0,0,0,0,0,0,0,0,1,0,0
mp-569346,1.212,I,Cu,5,2.645634122,-0.596339,-0.267904,-1.938179,0,2,5,10,0,7,1.98,1.2733333333333334,1.39,2.66,3.82,17,5,0,-0.267904,0,1,0,0,1,1,1,1,1,1,1,0,1,1,1,1,1,1,1,1,1,1,0,0,0,0,0,0,0,0,0,0,0,0,0,0,0,0,0,0,1,0,0,-0.172056,-2.609244,-0.202272,0,1,0,10,0,1,1.96,0.82,1.32,1.9,1.31,11,4,0,-0.172056,0,0,1,0,1,0,0,0,0,0,0,0,1,1,1,1,1,1,1,1,1,1,0,0,0,0,0,0,0,0,0,0,0,0,0,0,0,0,0,1,0,0,0
mp-8883,0.2238,As,Ga,5,2.332797445,-0.52367,-0.197497,-1.542767,0,2,3,10,0,5,1.85,0.6599999999999999,1.19,2.18,2.49,15,4,0,-0.197497,0,1,0,0,1,1,1,1,1,0,0,0,1,1,1,1,1,1,1,1,1,1,0,0,0,0,0,0,0,0,0,0,0,0,0,0,0,0,0,1,0,0,0,-0.328019,-0.101634,-0.736204,0,2,1,10,0,3,1.87,0.76,1.22,1.81,0.15,13,4,0,-0.101634,0,1,0,0,1,1,1,0,0,0,0,0,1,1,1,1,1,1,1,1,1,1,0,0,0,0,0,0,0,0,0,0,0,0,0,0,0,0,0,1,0,0,0
mp-22894,1.3877,I,Ag,5,1.997240776,-0.596339,-0.267904,-1.938179,0,2,5,10,0,7,1.98,1.2733333333333334,1.39,2.66,3.82,17,5,0,-0.267904,0,1,0,0,1,1,1,1,1,1,1,0,1,1,1,1,1,1,1,1,1,1,0,0,0,0,0,0,0,0,0,0,0,0,0,0,0,0,0,0,1,0,0,-0.157407,-2.086602,-0.298706,0,1,0,10,0,1,2.11,1.0866666666666667,1.45,1.93,1.31,11,5,0,-0.157407,0,0,1,0,1,0,0,0,0,0,0,0,1,1,1,1,1,1,1,1,1,1,0,0,0,0,0,0,0,0,0,0,0,0,0,0,0,0,0,0,1,0,0
mp-7140,2.3029,C,Si,5,2.202571073,-0.500866,-0.199186,0,0,2,2,0,0,4,1.7,0.3,0.76,2.55,3.69,14,2,1,-0.199186,0,1,0,0,1,1,1,1,0,0,0,0,0,0,0,0,0,0,0,0,0,0,0,0,0,0,0,0,0,0,0,0,0,0,0,0,0,1,0,0,0,0,0,-0.398139,-0.153293,0,0,2,2,0,0,4,2.1,0.54,1.11,1.9,2.05,14,3,1,-0.153293,0,1,0,0,1,1,1,1,0,0,0,0,0,0,0,0,0,0,0,0,0,0,0,0,0,0,0,0,0,0,0,0,0,0,0,0,0,0,1,0,0,0,0
mp-672,1.125,S,Cd,5,3.127344173,-0.630912,-0.261676,0,0,2,4,0,0,6,1.8,0.88,1.05,2.58,3.31,16,3,1,-0.261676,0,1,0,0,1,1,1,1,1,1,0,0,0,0,0,0,0,0,0,0,0,0,0,0,0,0,0,0,0,0,0,0,0,0,0,0,0,0,1,0,0,0,0,-0.204228,-2.39526,-0.47053,0,2,0,10,0,2,2.18,1.09,1.44,1.69,0.83,12,5,0,-0.204228,0,0,1,0,1,1,0,0,0,0,0,0,1,1,1,1,1,1,1,1,1,1,0,0,0,0,0,0,0,0,0,0,0,0,0,0,0,0,0,0,1,0,0
mp-1065577,3.271,O,Mg,5,2.183514183,-0.871362,-0.338381,0,0,2,4,0,0,6,1.52,1.26,0.66,3.44,4.8,16,2,1,-0.338381,0,1,0,0,1,1,1,1,1,1,0,0,0,0,0,0,0,0,0,0,0,0,0,0,0,0,0,0,0,0,0,0,0,0,0,0,0,1,0,0,0,0,0,-0.175427,-1.71897,0,0,2,0,0,0,2,1.73,0.86,1.41,1.31,0.78,2,3,1,-0.175427,1,0,0,0,1,1,0,0,0,0,0,0,0,0,0,0,0,0,0,0,0,0,0,0,0,0,0,0,0,0,0,0,0,0,0,0,0,0,1,0,0,0,0
mp-567290,1.1169,N,La,5,2.54867226,-0.676151,-0.266297,0,0,2,3,0,0,5,1.55,0.63,0.71,3.04,4.38,15,2,1,-0.266297,0,1,0,0,1,1,1,1,1,0,0,0,0,0,0,0,0,0,0,0,0,0,0,0,0,0,0,0,0,0,0,0,0,0,0,0,0,1,0,0,0,0,0,-0.132233,-0.824498,-0.141085,0,2,0,1,0,2,2.43,1.172,2.07,1.1,0.08,3,6,0,-0.132233,0,0,0,1,1,1,0,0,0,0,0,0,1,0,0,0,0,0,0,0,0,0,0,0,0,0,0,0,0,0,0,0,0,0,0,0,0,0,0,0,0,1,0
mp-13178,3.2687,N,Al,5,2.571166461,-0.676151,-0.266297,0,0,2,3,0,0,5,1.55,0.63,0.71,3.04,4.38,15,2,1,-0.266297,0,1,0,0,1,1,1,1,1,0,0,0,0,0,0,0,0,0,0,0,0,0,0,0,0,0,0,0,0,0,0,0,0,0,0,0,0,1,0,0,0,0,0,-0.286883,-0.102545,0,0,2,1,0,0,3,1.84,0.675,1.21,1.61,0.35,13,3,1,-0.102545,0,1,0,0,1,1,1,0,0,0,0,0,0,0,0,0,0,0,0,0,0,0,0,0,0,0,0,0,0,0,0,0,0,0,0,0,0,0,1,0,0,0,0
mp-984,4.274,N,B,5,2.40989842,-0.676151,-0.266297,0,0,2,3,0,0,5,1.55,0.63,0.71,3.04,4.38,15,2,1,-0.266297,0,1,0,0,1,1,1,1,1,0,0,0,0,0,0,0,0,0,0,0,0,0,0,0,0,0,0,0,0,0,0,0,0,0,0,0,0,1,0,0,0,0,0,-0.344701,-0.136603,0,0,2,1,0,0,3,1.92,0.41,0.84,2.04,1.6,13,2,1,-0.136603,0,1,0,0,1,1,1,0,0,0,0,0,0,0,0,0,0,0,0,0,0,0,0,0,0,0,0,0,0,0,0,0,0,0,0,0,0,1,0,0,0,0,0
mp-2133,0.7227,O,Zn,5,2.211028671,-0.871362,-0.338381,0,0,2,4,0,0,6,1.52,1.26,0.66,3.44,4.8,16,2,1,-0.338381,0,1,0,0,1,1,1,1,1,1,0,0,0,0,0,0,0,0,0,0,0,0,0,0,0,0,0,0,0,0,0,0,0,0,0,0,0,1,0,0,0,0,0,-0.222725,-3.022363,-0.398944,0,2,0,10,0,2,2.01,0.88,1.22,1.65,1.0,12,4,0,-0.222725,0,0,1,0,1,1,0,0,0,0,0,0,1,1,1,1,1,1,1,1,1,1,0,0,0,0,0,0,0,0,0,0,0,0,0,0,0,0,0,1,0,0,0
mp-549706,3.3701,O,Mg,5,2.489901753,-0.871362,-0.338381,0,0,2,4,0,0,6,1.52,1.26,0.66,3.44,4.8,16,2,1,-0.338381,0,1,0,0,1,1,1,1,1,1,0,0,0,0,0,0,0,0,0,0,0,0,0,0,0,0,0,0,0,0,0,0,0,0,0,0,0,1,0,0,0,0,0,-0.175427,-1.71897,0,0,2,0,0,0,2,1.73,0.86,1.41,1.31,0.78,2,3,1,-0.175427,1,0,0,0,1,1,0,0,0,0,0,0,0,0,0,0,0,0,0,0,0,0,0,0,0,0,0,0,0,0,0,0,0,0,0,0,0,0,1,0,0,0,0
mp-1183441,2.2712,Te,Be,5,2.400156634,-0.520997,-0.226594,-1.608381,0,2,4,10,0,6,2.06,1.2933333333333332,1.38,2.1,2.58,16,5,0,-0.226594,0,1,0,0,1,1,1,1,1,1,0,0,1,1,1,1,1,1,1,1,1,1,0,0,0,0,0,0,0,0,0,0,0,0,0,0,0,0,0,0,1,0,0,-0.205744,0,0,0,2,0,0,0,2,1.53,0.59,0.96,1.57,1.42,2,2,1,-0.205744,1,0,0,0,1,1,0,0,0,0,0,0,0,0,0,0,0,0,0,0,0,0,0,0,0,0,0,0,0,0,0,0,0,0,0,0,0,1,0,0,0,0,0
mp-2653,5.1976,N,B,5,1.909125551,-0.676151,-0.266297,0,0,2,3,0,0,5,1.55,0.63,0.71,3.04,4.38,15,2,1,-0.266297,0,1,0,0,1,1,1,1,1,0,0,0,0,0,0,0,0,0,0,0,0,0,0,0,0,0,0,0,0,0,0,0,0,0,0,0,0,1,0,0,0,0,0,-0.344701,-0.136603,0,0,2,1,0,0,3,1.92,0.41,0.84,2.04,1.6,13,2,1,-0.136603,0,1,0,0,1,1,1,0,0,0,0,0,0,0,0,0,0,0,0,0,0,0,0,0,0,0,0,0,0,0,0,0,0,0,0,0,0,1,0,0,0,0,0
mp-8884,1.1003,Te,Zn,5,1.993657167,-0.520997,-0.226594,-1.608381,0,2,4,10,0,6,2.06,1.2933333333333332,1.38,2.1,2.58,16,5,0,-0.226594,0,1,0,0,1,1,1,1,1,1,0,0,1,1,1,1,1,1,1,1,1,1,0,0,0,0,0,0,0,0,0,0,0,0,0,0,0,0,0,0,1,0,0,-0.222725,-3.022363,-0.398944,0,2,0,10,0,2,2.01,0.88,1.22,1.65,1.0,12,4,0,-0.222725,0,0,1,0,1,1,0,0,0,0,0,0,1,1,1,1,1,1,1,1,1,1,0,0,0,0,0,0,0,0,0,0,0,0,0,0,0,0,0,1,0,0,0
mp-976280,4.935,Br,Li,5,2.452114869,-0.720066,-0.295334,-2.52211,0,2,5,10,0,7,1.85,0.8825000000000001,1.2,2.96,4.73,17,4,0,-0.295334,0,1,0,0,1,1,1,1,1,1,1,0,1,1,1,1,1,1,1,1,1,1,0,0,0,0,0,0,0,0,0,0,0,0,0,0,0,0,0,1,0,0,0,-0.10554,0,0,0,1,0,0,0,1,1.82,0.9,1.28,0.98,0.06,1,2,1,-0.10554,1,0,0,0,1,0,0,0,0,0,0,0,0,0,0,0,0,0,0,0,0,0,0,0,0,0,0,0,0,0,0,0,0,0,0,0,0,1,0,0,0,0,0
mp-966800,0.5134,P,In,5,2.452966861,-0.512364,-0.20608,0,0,2,3,0,0,5,1.8,0.55,1.07,2.19,2.69,15,3,1,-0.20608,0,1,0,0,1,1,1,1,1,0,0,0,0,0,0,0,0,0,0,0,0,0,0,0,0,0,0,0,0,0,0,0,0,0,0,0,0,0,1,0,0,0,0,-0.290497,-0.101782,-0.730481,0,2,1,10,0,3,1.93,0.94,1.42,1.78,-0.22,13,5,0,-0.101782,0,1,0,0,1,1,1,0,0,0,0,0,1,1,1,1,1,1,1,1,1,1,0,0,0,0,0,0,0,0,0,0,0,0,0,0,0,0,0,0,1,0,0
mp-24093,0.5729,H,Cu,5,2.857883835,-0.233471,0,0,0,1,0,0,0,1,1.1,0.0,0.31,2.2,4.32,1,1,1,-0.233471,1,0,0,0,1,0,0,0,0,0,0,0,0,0,0,0,0,0,0,0,0,0,0,0,0,0,0,0,0,0,0,0,0,0,0,0,1,0,0,0,0,0,0,-0.172056,-2.609244,-0.202272,0,1,0,10,0,1,1.96,0.82,1.32,1.9,1.31,11,4,0,-0.172056,0,0,1,0,1,0,0,0,0,0,0,0,1,1,1,1,1,1,1,1,1,1,0,0,0,0,0,0,0,0,0,0,0,0,0,0,0,0,0,1,0,0,0
mp-984718,1.1428,As,B,5,2.086798193,-0.52367,-0.197497,-1.542767,0,2,3,10,0,5,1.85,0.6599999999999999,1.19,2.18,2.49,15,4,0,-0.197497,0,1,0,0,1,1,1,1,1,0,0,0,1,1,1,1,1,1,1,1,1,1,0,0,0,0,0,0,0,0,0,0,0,0,0,0,0,0,0,1,0,0,0,-0.344701,-0.136603,0,0,2,1,0,0,3,1.92,0.41,0.84,2.04,1.6,13,2,1,-0.136603,0,1,0,0,1,1,1,0,0,0,0,0,0,0,0,0,0,0,0,0,0,0,0,0,0,0,0,0,0,0,0,0,0,0,0,0,0,1,0,0,0,0,0
mp-754824,2.5643,O,Sr,5,2.658932518,-0.871362,-0.338381,0,0,2,4,0,0,6,1.52,1.26,0.66,3.44,4.8,16,2,1,-0.338381,0,1,0,0,1,1,1,1,1,1,0,0,0,0,0,0,0,0,0,0,0,0,0,0,0,0,0,0,0,0,0,0,0,0,0,0,0,1,0,0,0,0,0,-0.131793,-0.844489,0,0,2,0,0,0,2,2.49,1.32,1.95,0.95,-0.18,2,5,0,-0.131793,1,0,0,0,1,1,0,0,0,0,0,0,0,0,0,0,0,0,0,0,0,0,0,0,0,0,0,0,0,0,0,0,0,0,0,0,0,0,0,0,1,0,0
mp-1178514,2.2061,O,Ba,5,2.360622533,-0.871362,-0.338381,0,0,2,4,0,0,6,1.52,1.26,0.66,3.44,4.8,16,2,1,-0.338381,0,1,0,0,1,1,1,1,1,1,0,0,0,0,0,0,0,0,0,0,0,0,0,0,0,0,0,0,0,0,0,0,0,0,0,0,0,1,0,0,0,0,0,-0.118967,-0.698605,0,0,2,0,0,0,2,2.68,1.49,2.15,0.89,-0.36,2,6,0,-0.118967,1,0,0,0,1,1,0,0,0,0,0,0,0,0,0,0,0,0,0,0,0,0,0,0,0,0,0,0,0,0,0,0,0,0,0,0,0,0,0,0,0,1,0
mp-560588,2.0701,S,Zn,5,2.842377918,-0.630912,-0.261676,0,0,2,4,0,0,6,1.8,0.88,1.05,2.58,3.31,16,3,1,-0.261676,0,1,0,0,1,1,1,1,1,1,0,0,0,0,0,0,0,0,0,0,0,0,0,0,0,0,0,0,0,0,0,0,0,0,0,0,0,0,1,0,0,0,0,-0.222725,-3.022363,-0.398944,0,2,0,10,0,2,2.01,0.88,1.22,1.65,1.0,12,4,0,-0.222725,0,0,1,0,1,1,0,0,0,0,0,0,1,1,1,1,1,1,1,1,1,1,0,0,0,0,0,0,0,0,0,0,0,0,0,0,0,0,0,1,0,0,0
mp-545512,3.12,O,Ca,5,2.628074465,-0.871362,-0.338381,0,0,2,4,0,0,6,1.52,1.26,0.66,3.44,4.8,16,2,1,-0.338381,0,1,0,0,1,1,1,1,1,1,0,0,0,0,0,0,0,0,0,0,0,0,0,0,0,0,0,0,0,0,0,0,0,0,0,0,0,1,0,0,0,0,0,-0.141411,-1.030572,0,0,2,0,0,0,2,2.31,1.14,1.76,1.0,0.04,2,4,1,-0.141411,1,0,0,0,1,1,0,0,0,0,0,0,0,0,0,0,0,0,0,0,0,0,0,0,0,0,0,0,0,0,0,0,0,0,0,0,0,0,0,1,0,0,0
mp-2542,7.4639,O,Be,5,2.369864184,-0.871362,-0.338381,0,0,2,4,0,0,6,1.52,1.26,0.66,3.44,4.8,16,2,1,-0.338381,0,1,0,0,1,1,1,1,1,1,0,0,0,0,0,0,0,0,0,0,0,0,0,0,0,0,0,0,0,0,0,0,0,0,0,0,0,1,0,0,0,0,0,-0.205744,0,0,0,2,0,0,0,2,1.53,0.59,0.96,1.57,1.42,2,2,1,-0.205744,1,0,0,0,1,1,0,0,0,0,0,0,0,0,0,0,0,0,0,0,0,0,0,0,0,0,0,0,0,0,0,0,0,0,0,0,0,1,0,0,0,0,0
mp-978534,0.4089,Si,Ge,5,2.312434585,-0.398139,-0.153293,0,0,2,2,0,0,4,2.1,0.54,1.11,1.9,2.05,14,3,1,-0.153293,0,1,0,0,1,1,1,1,0,0,0,0,0,0,0,0,0,0,0,0,0,0,0,0,0,0,0,0,0,0,0,0,0,0,0,0,0,0,1,0,0,0,0,-0.426523,-0.149882,-1.117316,0,2,2,10,0,4,2.11,0.77,1.2,2.01,1.69,14,4,0,-0.149882,0,1,0,0,1,1,1,1,0,0,0,0,1,1,1,1,1,1,1,1,1,1,0,0,0,0,0,0,0,0,0,0,0,0,0,0,0,0,0,1,0,0,0
mp-6913,0.7005,N,Y,5,2.827695919,-0.676151,-0.266297,0,0,2,3,0,0,5,1.55,0.63,0.71,3.04,4.38,15,2,1,-0.266297,0,1,0,0,1,1,1,1,1,0,0,0,0,0,0,0,0,0,0,0,0,0,0,0,0,0,0,0,0,0,0,0,0,0,0,0,0,1,0,0,0,0,0,-0.150727,-1.02449,-0.108691,0,2,0,1,0,2,2.32,1.04,1.9,1.22,0.28,3,5,0,-0.108691,0,0,1,0,1,1,0,0,0,0,0,0,1,0,0,0,0,0,0,0,0,0,0,0,0,0,0,0,0,0,0,0,0,0,0,0,0,0,0,0,1,0,0
mp-866056,0.0517,N,Ac,5,2.588189694,-0.676151,-0.266297,0,0,2,3,0,0,5,1.55,0.63,0.71,3.04,4.38,15,2,1,-0.266297,0,1,0,0,1,1,1,1,1,0,0,0,0,0,0,0,0,0,0,0,0,0,0,0,0,0,0,0,0,0,0,0,0,0,0,0,0,1,0,0,0,0,0,-0.126551,-0.744524,-0.137786,-12.278225,2,0,1,0,2,2.47,1.26,2.15,1.1,0.06,3,7,0,-0.126551,0,0,0,1,1,1,0,0,0,0,0,0,1,0,0,0,0,0,0,0,0,0,0,0,0,0,0,0,0,0,0,0,0,0,0,0,0,0,0,0,0,0,1
mp-22903,3.7765,I,Rb,6,2.450419722,-0.596339,-0.267904,-1.938179,0,2,5,10,0,7,1.98,1.2733333333333334,1.39,2.66,3.82,17,5,0,-0.267904,0,1,0,0,1,1,1,1,1,1,1,0,1,1,1,1,1,1,1,1,1,1,0,0,0,0,0,0,0,0,0,0,0,0,0,0,0,0,0,0,1,0,0,-0.085375,-0.59217,0,0,1,0,0,0,1,3.03,1.66,2.2,0.82,-0.79,1,5,0,-0.085375,1,0,0,0,1,0,0,0,0,0,0,0,0,0,0,0,0,0,0,0,0,0,0,0,0,0,0,0,0,0,0,0,0,0,0,0,0,0,0,0,1,0,0
mp-22899,4.2513,I,Li,6,2.843244602,-0.596339,-0.267904,-1.938179,0,2,5,10,0,7,1.98,1.2733333333333334,1.39,2.66,3.82,17,5,0,-0.267904,0,1,0,0,1,1,1,1,1,1,1,0,1,1,1,1,1,1,1,1,1,1,0,0,0,0,0,0,0,0,0,0,0,0,0,0,0,0,0,0,1,0,0,-0.10554,0,0,0,1,0,0,0,1,1.82,0.9,1.28,0.98,0.06,1,2,1,-0.10554,1,0,0,0,1,0,0,0,0,0,0,0,0,0,0,0,0,0,0,0,0,0,0,0,0,0,0,0,0,0,0,0,0,0,0,0,0,1,0,0,0,0,0
mp-1064300,0.5841,C,K,6,1.881890272,-0.500866,-0.199186,0,0,2,2,0,0,4,1.7,0.3,0.76,2.55,3.69,14,2,1,-0.199186,0,1,0,0,1,1,1,1,0,0,0,0,0,0,0,0,0,0,0,0,0,0,0,0,0,0,0,0,0,0,0,0,0,0,0,0,0,1,0,0,0,0,0,-0.088815,-0.693776,0,0,1,0,0,0,1,2.75,1.52,2.03,0.82,-0.99,1,4,1,-0.088815,1,0,0,0,1,0,0,0,0,0,0,0,0,0,0,0,0,0,0,0,0,0,0,0,0,0,0,0,0,0,0,0,0,0,0,0,0,0,0,1,0,0,0
mp-634105,1.4833,Br,H,6,2.548240718,-0.720066,-0.295334,-2.52211,0,2,5,10,0,7,1.85,0.8825000000000001,1.2,2.96,4.73,17,4,0,-0.295334,0,1,0,0,1,1,1,1,1,1,1,0,1,1,1,1,1,1,1,1,1,1,0,0,0,0,0,0,0,0,0,0,0,0,0,0,0,0,0,1,0,0,0,-0.233471,0,0,0,1,0,0,0,1,1.1,0.0,0.31,2.2,4.32,1,1,1,-0.233471,1,0,0,0,1,0,0,0,0,0,0,0,0,0,0,0,0,0,0,0,0,0,0,0,0,0,0,0,0,0,0,0,0,0,0,0,1,0,0,0,0,0,0
mp-568560,2.2962,Br,Tl,6,2.012861165,-0.720066,-0.295334,-2.52211,0,2,5,10,0,7,1.85,0.8825000000000001,1.2,2.96,4.73,17,4,0,-0.295334,0,1,0,0,1,1,1,1,1,1,1,0,1,1,1,1,1,1,1,1,1,1,0,0,0,0,0,0,0,0,0,0,0,0,0,0,0,0,0,1,0,0,0,-0.28502,-0.101507,-0.674544,-4.835747,2,1,10,14,3,1.96,1.3325,1.45,1.62,0.07,13,6,0,-0.101507,0,1,0,0,1,1,1,0,0,0,0,0,1,1,1,1,1,1,1,1,1,1,1,1,1,1,1,1,1,1,1,1,1,1,1,1,0,0,0,0,0,1,0
mp-370,0.2793,S,Cd,6,2.440651453,-0.630912,-0.261676,0,0,2,4,0,0,6,1.8,0.88,1.05,2.58,3.31,16,3,1,-0.261676,0,1,0,0,1,1,1,1,1,1,0,0,0,0,0,0,0,0,0,0,0,0,0,0,0,0,0,0,0,0,0,0,0,0,0,0,0,0,1,0,0,0,0,-0.204228,-2.39526,-0.47053,0,2,0,10,0,2,2.18,1.09,1.44,1.69,0.83,12,5,0,-0.204228,0,0,1,0,1,1,0,0,0,0,0,0,1,1,1,1,1,1,1,1,1,1,0,0,0,0,0,0,0,0,0,0,0,0,0,0,0,0,0,0,1,0,0
mp-1672,2.3819,S,Ca,6,1.912250665,-0.630912,-0.261676,0,0,2,4,0,0,6,1.8,0.88,1.05,2.58,3.31,16,3,1,-0.261676,0,1,0,0,1,1,1,1,1,1,0,0,0,0,0,0,0,0,0,0,0,0,0,0,0,0,0,0,0,0,0,0,0,0,0,0,0,0,1,0,0,0,0,-0.141411,-1.030572,0,0,2,0,0,0,2,2.31,1.14,1.76,1.0,0.04,2,4,1,-0.141411,1,0,0,0,1,1,0,0,0,0,0,0,0,0,0,0,0,0,0,0,0,0,0,0,0,0,0,0,0,0,0,0,0,0,0,0,0,0,0,1,0,0,0
mp-883,0.0875,N,Ho,6,1.45055107,-0.676151,-0.266297,0,0,2,3,0,0,5,1.55,0.63,0.71,3.04,4.38,15,2,1,-0.266297,0,1,0,0,1,1,1,1,1,0,0,0,0,0,0,0,0,0,0,0,0,0,0,0,0,0,0,0,0,0,0,0,0,0,0,0,0,1,0,0,0,0,0,-0.133845,-0.919463,0,-0.272677,2,0,0,11,2,2.3,1.041,1.92,1.23,0.15,3,6,0,-0.133845,0,0,0,1,1,1,0,0,0,0,0,0,0,0,0,0,0,0,0,0,0,0,1,1,1,1,1,1,1,1,1,1,1,0,0,0,0,0,0,0,0,1,0
mp-1500,2.1488,S,Ba,6,1.972790975,-0.630912,-0.261676,0,0,2,4,0,0,6,1.8,0.88,1.05,2.58,3.31,16,3,1,-0.261676,0,1,0,0,1,1,1,1,1,1,0,0,0,0,0,0,0,0,0,0,0,0,0,0,0,0,0,0,0,0,0,0,0,0,0,0,0,0,1,0,0,0,0,-0.118967,-0.698605,0,0,2,0,0,0,2,2.68,1.49,2.15,0.89,-0.36,2,6,0,-0.118967,1,0,0,0,1,1,0,0,0,0,0,0,0,0,0,0,0,0,0,0,0,0,0,0,0,0,0,0,0,0,0,0,0,0,0,0,0,0,0,0,0,1,0
mp-2646978,0.1887,N,Ga,6,1.973334927,-0.676151,-0.266297,0,0,2,3,0,0,5,1.55,0.63,0.71,3.04,4.38,15,2,1,-0.266297,0,1,0,0,1,1,1,1,1,0,0,0,0,0,0,0,0,0,0,0,0,0,0,0,0,0,0,0,0,0,0,0,0,0,0,0,0,1,0,0,0,0,0,-0.328019,-0.101634,-0.736204,0,2,1,10,0,3,1.87,0.76,1.22,1.81,0.15,13,4,0,-0.101634,0,1,0,0,1,1,1,0,0,0,0,0,1,1,1,1,1,1,1,1,1,1,0,0,0,0,0,0,0,0,0,0,0,0,0,0,0,0,0,1,0,0,0
mp-722819,0.5945,C,K,6,2.451871018,-0.500866,-0.199186,0,0,2,2,0,0,4,1.7,0.3,0.76,2.55,3.69,14,2,1,-0.199186,0,1,0,0,1,1,1,1,0,0,0,0,0,0,0,0,0,0,0,0,0,0,0,0,0,0,0,0,0,0,0,0,0,0,0,0,0,1,0,0,0,0,0,-0.088815,-0.693776,0,0,1,0,0,0,1,2.75,1.52,2.03,0.82,-0.99,1,4,1,-0.088815,1,0,0,0,1,0,0,0,0,0,0,0,0,0,0,0,0,0,0,0,0,0,0,0,0,0,0,0,0,0,0,0,0,0,0,0,0,0,0,1,0,0,0
mp-2229,0.7219,O,Zn,6,1.567109869,-0.871362,-0.338381,0,0,2,4,0,0,6,1.52,1.26,0.66,3.44,4.8,16,2,1,-0.338381,0,1,0,0,1,1,1,1,1,1,0,0,0,0,0,0,0,0,0,0,0,0,0,0,0,0,0,0,0,0,0,0,0,0,0,0,0,1,0,0,0,0,0,-0.222725,-3.022363,-0.398944,0,2,0,10,0,2,2.01,0.88,1.22,1.65,1.0,12,4,0,-0.222725,0,0,1,0,1,1,0,0,0,0,0,0,1,1,1,1,1,1,1,1,1,1,0,0,0,0,0,0,0,0,0,0,0,0,0,0,0,0,0,1,0,0,0
mp-571102,2.2086,I,Tl,6,2.646195349,-0.596339,-0.267904,-1.938179,0,2,5,10,0,7,1.98,1.2733333333333334,1.39,2.66,3.82,17,5,0,-0.267904,0,1,0,0,1,1,1,1,1,1,1,0,1,1,1,1,1,1,1,1,1,1,0,0,0,0,0,0,0,0,0,0,0,0,0,0,0,0,0,0,1,0,0,-0.28502,-0.101507,-0.674544,-4.835747,2,1,10,14,3,1.96,1.3325,1.45,1.62,0.07,13,6,0,-0.101507,0,1,0,0,1,1,1,0,0,0,0,0,1,1,1,1,1,1,1,1,1,1,1,1,1,1,1,1,1,1,1,1,1,1,1,1,0,0,0,0,0,1,0
mp-569639,2.5369,Cl,Tl,6,2.524171093,-0.754458,-0.32038,0,0,2,5,0,0,7,1.75,0.7799999999999999,1.02,3.16,5.37,17,3,1,-0.32038,0,1,0,0,1,1,1,1,1,1,1,0,0,0,0,0,0,0,0,0,0,0,0,0,0,0,0,0,0,0,0,0,0,0,0,0,0,0,1,0,0,0,0,-0.28502,-0.101507,-0.674544,-4.835747,2,1,10,14,3,1.96,1.3325,1.45,1.62,0.07,13,6,0,-0.101507,0,1,0,0,1,1,1,0,0,0,0,0,1,1,1,1,1,1,1,1,1,1,1,1,1,1,1,1,1,1,1,1,1,1,1,1,0,0,0,0,0,1,0
mp-1273331,0.8225,O,V,6,2.554733509,-0.871362,-0.338381,0,0,2,4,0,0,6,1.52,1.26,0.66,3.44,4.8,16,2,1,-0.338381,0,1,0,0,1,1,1,1,1,1,0,0,0,0,0,0,0,0,0,0,0,0,0,0,0,0,0,0,0,0,0,0,0,0,0,0,0,1,0,0,0,0,0,-0.175968,-1.610516,-0.204634,0,2,0,3,0,2,2.07,0.7775,1.53,1.63,0.73,5,4,0,-0.175968,0,0,1,0,1,1,0,0,0,0,0,0,1,1,1,0,0,0,0,0,0,0,0,0,0,0,0,0,0,0,0,0,0,0,0,0,0,0,0,1,0,0,0
mp-23193,5.027,Cl,K,6,1.721930732,-0.754458,-0.32038,0,0,2,5,0,0,7,1.75,0.7799999999999999,1.02,3.16,5.37,17,3,1,-0.32038,0,1,0,0,1,1,1,1,1,1,1,0,0,0,0,0,0,0,0,0,0,0,0,0,0,0,0,0,0,0,0,0,0,0,0,0,0,0,1,0,0,0,0,-0.088815,-0.693776,0,0,1,0,0,0,1,2.75,1.52,2.03,0.82,-0.99,1,4,1,-0.088815,1,0,0,0,1,0,0,0,0,0,0,0,0,0,0,0,0,0,0,0,0,0,0,0,0,0,0,0,0,0,0,0,0,0,0,0,0,0,0,1,0,0,0
mp-22916,4.0895,Br,Na,6,2.080765741,-0.720066,-0.295334,-2.52211,0,2,5,10,0,7,1.85,0.8825000000000001,1.2,2.96,4.73,17,4,0,-0.295334,0,1,0,0,1,1,1,1,1,1,1,0,1,1,1,1,1,1,1,1,1,1,0,0,0,0,0,0,0,0,0,0,0,0,0,0,0,0,0,1,0,0,0,-0.103415,-1.060636,0,0,1,0,0,0,1,2.27,1.16,1.66,0.93,-0.03,1,3,1,-0.103415,1,0,0,0,1,0,0,0,0,0,0,0,0,0,0,0,0,0,0,0,0,0,0,0,0,0,0,0,0,0,0,0,0,0,0,0,0,0,1,0,0,0,0
mp-21276,0.4667,S,Pb,6,2.468291831,-0.630912,-0.261676,0,0,2,4,0,0,6,1.8,0.88,1.05,2.58,3.31,16,3,1,-0.261676,0,1,0,0,1,1,1,1,1,1,0,0,0,0,0,0,0,0,0,0,0,0,0,0,0,0,0,0,0,0,0,0,0,0,0,0,0,0,1,0,0,0,0,-0.357187,-0.141831,-0.902393,-5.592532,2,2,10,14,4,2.02,1.1225,1.46,2.33,0.86,14,6,0,-0.141831,0,1,0,0,1,1,1,1,0,0,0,0,1,1,1,1,1,1,1,1,1,1,1,1,1,1,1,1,1,1,1,1,1,1,1,1,0,0,0,0,0,1,0
mp-1778,6.8477,O,Be,4,2.660468348,-0.871362,-0.338381,0,0,2,4,0,0,6,1.52,1.26,0.66,3.44,4.8,16,2,1,-0.338381,0,1,0,0,1,1,1,1,1,1,0,0,0,0,0,0,0,0,0,0,0,0,0,0,0,0,0,0,0,0,0,0,0,0,0,0,0,1,0,0,0,0,0,-0.205744,0,0,0,2,0,0,0,2,1.53,0.59,0.96,1.57,1.42,2,2,1,-0.205744,1,0,0,0,1,1,0,0,0,0,0,0,0,0,0,0,0,0,0,0,0,0,0,0,0,0,0,0,0,0,0,0,0,0,0,0,0,1,0,0,0,0,0
mp-13033,2.3638,Te,Mg,4,2.674848995,-0.520997,-0.226594,-1.608381,0,2,4,10,0,6,2.06,1.2933333333333332,1.38,2.1,2.58,16,5,0,-0.226594,0,1,0,0,1,1,1,1,1,1,0,0,1,1,1,1,1,1,1,1,1,1,0,0,0,0,0,0,0,0,0,0,0,0,0,0,0,0,0,0,1,0,0,-0.175427,-1.71897,0,0,2,0,0,0,2,1.73,0.86,1.41,1.31,0.78,2,3,1,-0.175427,1,0,0,0,1,1,0,0,0,0,0,0,0,0,0,0,0,0,0,0,0,0,0,0,0,0,0,0,0,0,0,0,0,0,0,0,0,0,1,0,0,0,0
mp-2172,1.5037,As,Al,4,2.451641112,-0.52367,-0.197497,-1.542767,0,2,3,10,0,5,1.85,0.6599999999999999,1.19,2.18,2.49,15,4,0,-0.197497,0,1,0,0,1,1,1,1,1,0,0,0,1,1,1,1,1,1,1,1,1,1,0,0,0,0,0,0,0,0,0,0,0,0,0,0,0,0,0,1,0,0,0,-0.286883,-0.102545,0,0,2,1,0,0,3,1.84,0.675,1.21,1.61,0.35,13,3,1,-0.102545,0,1,0,0,1,1,1,0,0,0,0,0,0,0,0,0,0,0,0,0,0,0,0,0,0,0,0,0,0,0,0,0,0,0,0,0,0,0,1,0,0,0,0
mp-13099,2.2652,N,Y,4,2.762566888,-0.676151,-0.266297,0,0,2,3,0,0,5,1.55,0.63,0.71,3.04,4.38,15,2,1,-0.266297,0,1,0,0,1,1,1,1,1,0,0,0,0,0,0,0,0,0,0,0,0,0,0,0,0,0,0,0,0,0,0,0,0,0,0,0,0,1,0,0,0,0,0,-0.150727,-1.02449,-0.108691,0,2,0,1,0,2,2.32,1.04,1.9,1.22,0.28,3,5,0,-0.108691,0,0,1,0,1,1,0,0,0,0,0,0,1,0,0,0,0,0,0,0,0,0,0,0,0,0,0,0,0,0,0,0,0,0,0,0,0,0,0,0,1,0,0
mp-1009792,0.6642,C,Ru,4,2.658875907,-0.500866,-0.199186,0,0,2,2,0,0,4,1.7,0.3,0.76,2.55,3.69,14,2,1,-0.199186,0,1,0,0,1,1,1,1,0,0,0,0,0,0,0,0,0,0,0,0,0,0,0,0,0,0,0,0,0,0,0,0,0,0,0,0,0,1,0,0,0,0,0,-0.152834,-1.667549,-0.210375,0,1,0,7,0,1,2.13,0.661,1.46,2.2,0.92,8,5,0,-0.152834,0,0,1,0,1,0,0,0,0,0,0,0,1,1,1,1,1,1,1,0,0,0,0,0,0,0,0,0,0,0,0,0,0,0,0,0,0,0,0,0,1,0,0
mp-2293,0.0484,Se,Mn,4,2.396859483,-0.621248,-0.245806,-2.011392,0,2,4,10,0,6,1.9,1.0133333333333334,1.2,2.55,3.09,16,4,0,-0.245806,0,1,0,0,1,1,1,1,1,1,0,0,1,1,1,1,1,1,1,1,1,1,0,0,0,0,0,0,0,0,0,0,0,0,0,0,0,0,0,1,0,0,0,-0.191136,-1.99145,-0.26654,0,2,0,5,0,2,2.05,0.6483333333333333,1.39,1.55,-0.21,7,4,0,-0.191136,0,0,1,0,1,1,0,0,0,0,0,0,1,1,1,1,1,0,0,0,0,0,0,0,0,0,0,0,0,0,0,0,0,0,0,0,0,0,0,1,0,0,0
mp-13032,3.5358,S,Mg,4,1.949039665,-0.630912,-0.261676,0,0,2,4,0,0,6,1.8,0.88,1.05,2.58,3.31,16,3,1,-0.261676,0,1,0,0,1,1,1,1,1,1,0,0,0,0,0,0,0,0,0,0,0,0,0,0,0,0,0,0,0,0,0,0,0,0,0,0,0,0,1,0,0,0,0,-0.175427,-1.71897,0,0,2,0,0,0,2,1.73,0.86,1.41,1.31,0.78,2,3,1,-0.175427,1,0,0,0,1,1,0,0,0,0,0,0,0,0,0,0,0,0,0,0,0,0,0,0,0,0,0,0,0,0,0,0,0,0,0,0,0,0,1,0,0,0,0
mp-1541,2.6637,Se,Be,4,2.453515658,-0.621248,-0.245806,-2.011392,0,2,4,10,0,6,1.9,1.0133333333333334,1.2,2.55,3.09,16,4,0,-0.245806,0,1,0,0,1,1,1,1,1,1,0,0,1,1,1,1,1,1,1,1,1,1,0,0,0,0,0,0,0,0,0,0,0,0,0,0,0,0,0,1,0,0,0,-0.205744,0,0,0,2,0,0,0,2,1.53,0.59,0.96,1.57,1.42,2,2,1,-0.205744,1,0,0,0,1,1,0,0,0,0,0,0,0,0,0,0,0,0,0,0,0,0,0,0,0,0,0,0,0,0,0,0,0,0,0,0,0,1,0,0,0,0,0
mp-684580,1.704,I,Ag,4,2.889384001,-0.596339,-0.267904,-1.938179,0,2,5,10,0,7,1.98,1.2733333333333334,1.39,2.66,3.82,17,5,0,-0.267904,0,1,0,0,1,1,1,1,1,1,1,0,1,1,1,1,1,1,1,1,1,1,0,0,0,0,0,0,0,0,0,0,0,0,0,0,0,0,0,0,1,0,0,-0.157407,-2.086602,-0.298706,0,1,0,10,0,1,2.11,1.0866666666666667,1.45,1.93,1.31,11,5,0,-0.157407,0,0,1,0,1,0,0,0,0,0,0,0,1,1,1,1,1,1,1,1,1,1,0,0,0,0,0,0,0,0,0,0,0,0,0,0,0,0,0,0,1,0,0
mp-13150,4.3887,N,B,4,1.924869533,-0.676151,-0.266297,0,0,2,3,0,0,5,1.55,0.63,0.71,3.04,4.38,15,2,1,-0.266297,0,1,0,0,1,1,1,1,1,0,0,0,0,0,0,0,0,0,0,0,0,0,0,0,0,0,0,0,0,0,0,0,0,0,0,0,0,1,0,0,0,0,0,-0.344701,-0.136603,0,0,2,1,0,0,3,1.92,0.41,0.84,2.04,1.6,13,2,1,-0.136603,0,1,0,0,1,1,1,0,0,0,0,0,0,0,0,0,0,0,0,0,0,0,0,0,0,0,0,0,0,0,0,0,0,0,0,0,0,1,0,0,0,0,0
mp-1700,3.3056,N,Al,4,2.840662804,-0.676151,-0.266297,0,0,2,3,0,0,5,1.55,0.63,0.71,3.04,4.38,15,2,1,-0.266297,0,1,0,0,1,1,1,1,1,0,0,0,0,0,0,0,0,0,0,0,0,0,0,0,0,0,0,0,0,0,0,0,0,0,0,0,0,1,0,0,0,0,0,-0.286883,-0.102545,0,0,2,1,0,0,3,1.84,0.675,1.21,1.61,0.35,13,3,1,-0.102545,0,1,0,0,1,1,1,0,0,0,0,0,0,0,0,0,0,0,0,0,0,0,0,0,0,0,0,0,0,0,0,0,0,0,0,0,0,0,1,0,0,0,0
mp-1006880,0.0922,B,Bi,4,2.6638661,-0.344701,-0.136603,0,0,2,1,0,0,3,1.92,0.41,0.84,2.04,1.6,13,2,1,-0.136603,0,1,0,0,1,1,1,0,0,0,0,0,0,0,0,0,0,0,0,0,0,0,0,0,0,0,0,0,0,0,0,0,0,0,0,0,0,1,0,0,0,0,0,-0.426129,-0.180198,-1.139408,-6.382744,2,3,10,14,5,2.07,1.035,1.48,2.02,1.22,15,6,0,-0.180198,0,1,0,0,1,1,1,1,1,0,0,0,1,1,1,1,1,1,1,1,1,1,1,1,1,1,1,1,1,1,1,1,1,1,1,1,0,0,0,0,0,1,0
mp-8062,1.3669,C,Si,4,1.9881145,-0.500866,-0.199186,0,0,2,2,0,0,4,1.7,0.3,0.76,2.55,3.69,14,2,1,-0.199186,0,1,0,0,1,1,1,1,0,0,0,0,0,0,0,0,0,0,0,0,0,0,0,0,0,0,0,0,0,0,0,0,0,0,0,0,0,1,0,0,0,0,0,-0.398139,-0.153293,0,0,2,2,0,0,4,2.1,0.54,1.11,1.9,2.05,14,3,1,-0.153293,0,1,0,0,1,1,1,1,0,0,0,0,0,0,0,0,0,0,0,0,0,0,0,0,0,0,0,0,0,0,0,0,0,0,0,0,0,0,1,0,0,0,0
mp-1639,4.4506,N,B,4,0.947790986,-0.676151,-0.266297,0,0,2,3,0,0,5,1.55,0.63,0.71,3.04,4.38,15,2,1,-0.266297,0,1,0,0,1,1,1,1,1,0,0,0,0,0,0,0,0,0,0,0,0,0,0,0,0,0,0,0,0,0,0,0,0,0,0,0,0,1,0,0,0,0,0,-0.344701,-0.136603,0,0,2,1,0,0,3,1.92,0.41,0.84,2.04,1.6,13,2,1,-0.136603,0,1,0,0,1,1,1,0,0,0,0,0,0,0,0,0,0,0,0,0,0,0,0,0,0,0,0,0,0,0,0,0,0,0,0,0,0,1,0,0,0,0,0
mp-422,3.1453,S,Be,4,1.848403115,-0.630912,-0.261676,0,0,2,4,0,0,6,1.8,0.88,1.05,2.58,3.31,16,3,1,-0.261676,0,1,0,0,1,1,1,1,1,1,0,0,0,0,0,0,0,0,0,0,0,0,0,0,0,0,0,0,0,0,0,0,0,0,0,0,0,0,1,0,0,0,0,-0.205744,0,0,0,2,0,0,0,2,1.53,0.59,0.96,1.57,1.42,2,2,1,-0.205744,1,0,0,0,1,1,0,0,0,0,0,0,0,0,0,0,0,0,0,0,0,0,0,0,0,0,0,0,0,0,0,0,0,0,0,0,0,1,0,0,0,0,0
mp-20351,0.4546,P,In,4,2.574246722,-0.512364,-0.20608,0,0,2,3,0,0,5,1.8,0.55,1.07,2.19,2.69,15,3,1,-0.20608,0,1,0,0,1,1,1,1,1,0,0,0,0,0,0,0,0,0,0,0,0,0,0,0,0,0,0,0,0,0,0,0,0,0,0,0,0,0,1,0,0,0,0,-0.290497,-0.101782,-0.730481,0,2,1,10,0,3,1.93,0.94,1.42,1.78,-0.22,13,5,0,-0.101782,0,1,0,0,1,1,1,0,0,0,0,0,1,1,1,1,1,1,1,1,1,1,0,0,0,0,0,0,0,0,0,0,0,0,0,0,0,0,0,0,1,0,0
mp-997618,0.7506,Sb,B,4,1.957404669,-0.445605,-0.185623,-1.297338,0,2,3,10,0,5,2.06,0.8300000000000001,1.39,2.05,1.95,15,5,0,-0.185623,0,1,0,0,1,1,1,1,1,0,0,0,1,1,1,1,1,1,1,1,1,1,0,0,0,0,0,0,0,0,0,0,0,0,0,0,0,0,0,0,1,0,0,-0.344701,-0.136603,0,0,2,1,0,0,3,1.92,0.41,0.84,2.04,1.6,13,2,1,-0.136603,0,1,0,0,1,1,1,0,0,0,0,0,0,0,0,0,0,0,0,0,0,0,0,0,0,0,0,0,0,0,0,0,0,0,0,0,0,1,0,0,0,0,0
mp-1479,1.2435,P,B,4,1.9017283,-0.512364,-0.20608,0,0,2,3,0,0,5,1.8,0.55,1.07,2.19,2.69,15,3,1,-0.20608,0,1,0,0,1,1,1,1,1,0,0,0,0,0,0,0,0,0,0,0,0,0,0,0,0,0,0,0,0,0,0,0,0,0,0,0,0,0,1,0,0,0,0,-0.344701,-0.136603,0,0,2,1,0,0,3,1.92,0.41,0.84,2.04,1.6,13,2,1,-0.136603,0,1,0,0,1,1,1,0,0,0,0,0,0,0,0,0,0,0,0,0,0,0,0,0,0,0,0,0,0,0,0,0,0,0,0,0,0,1,0,0,0,0,0
mp-2624,1.2255,Sb,Al,4,2.801156443,-0.445605,-0.185623,-1.297338,0,2,3,10,0,5,2.06,0.8300000000000001,1.39,2.05,1.95,15,5,0,-0.185623,0,1,0,0,1,1,1,1,1,0,0,0,1,1,1,1,1,1,1,1,1,1,0,0,0,0,0,0,0,0,0,0,0,0,0,0,0,0,0,0,1,0,0,-0.286883,-0.102545,0,0,2,1,0,0,3,1.84,0.675,1.21,1.61,0.35,13,3,1,-0.102545,0,1,0,0,1,1,1,0,0,0,0,0,0,0,0,0,0,0,0,0,0,0,0,0,0,0,0,0,0,0,0,0,0,0,0,0,0,0,1,0,0,0,0
mp-1009130,0.0839,N,Mn,4,2.357419196,-0.676151,-0.266297,0,0,2,3,0,0,5,1.55,0.63,0.71,3.04,4.38,15,2,1,-0.266297,0,1,0,0,1,1,1,1,1,0,0,0,0,0,0,0,0,0,0,0,0,0,0,0,0,0,0,0,0,0,0,0,0,0,0,0,0,1,0,0,0,0,0,-0.191136,-1.99145,-0.26654,0,2,0,5,0,2,2.05,0.6483333333333333,1.39,1.55,-0.21,7,4,0,-0.191136,0,0,1,0,1,1,0,0,0,0,0,0,1,1,1,1,1,0,0,0,0,0,0,0,0,0,0,0,0,0,0,0,0,0,0,0,0,0,0,1,0,0,0
mp-22895,1.1763,I,Cu,4,2.446978999,-0.596339,-0.267904,-1.938179,0,2,5,10,0,7,1.98,1.2733333333333334,1.39,2.66,3.82,17,5,0,-0.267904,0,1,0,0,1,1,1,1,1,1,1,0,1,1,1,1,1,1,1,1,1,1,0,0,0,0,0,0,0,0,0,0,0,0,0,0,0,0,0,0,1,0,0,-0.172056,-2.609244,-0.202272,0,1,0,10,0,1,1.96,0.82,1.32,1.9,1.31,11,4,0,-0.172056,0,0,1,0,1,0,0,0,0,0,0,0,1,1,1,1,1,1,1,1,1,1,0,0,0,0,0,0,0,0,0,0,0,0,0,0,0,0,0,1,0,0,0
mp-1986,0.6309,O,Zn,4,1.962232649,-0.871362,-0.338381,0,0,2,4,0,0,6,1.52,1.26,0.66,3.44,4.8,16,2,1,-0.338381,0,1,0,0,1,1,1,1,1,1,0,0,0,0,0,0,0,0,0,0,0,0,0,0,0,0,0,0,0,0,0,0,0,0,0,0,0,1,0,0,0,0,0,-0.222725,-3.022363,-0.398944,0,2,0,10,0,2,2.01,0.88,1.22,1.65,1.0,12,4,0,-0.222725,0,0,1,0,1,1,0,0,0,0,0,0,1,1,1,1,1,1,1,1,1,1,0,0,0,0,0,0,0,0,0,0,0,0,0,0,0,0,0,1,0,0,0
mp-1039365,0.1128,Mg,Ce,4,2.857122622,-0.175427,-1.71897,0,0,2,0,0,0,2,1.73,0.86,1.41,1.31,0.78,2,3,1,-0.175427,1,0,0,0,1,1,0,0,0,0,0,0,0,0,0,0,0,0,0,0,0,0,0,0,0,0,0,0,0,0,0,0,0,0,0,0,0,0,1,0,0,0,0,-0.133974,-0.85011,-0.14055,-0.337442,2,0,1,1,2,2.42,1.08,2.04,1.12,0.02,3,6,0,-0.133974,0,0,0,1,1,1,0,0,0,0,0,0,1,0,0,0,0,0,0,0,0,0,1,0,0,0,0,0,0,0,0,0,0,0,0,0,0,0,0,0,0,1,0
mp-830,1.5701,N,Ga,4,2.320556635,-0.676151,-0.266297,0,0,2,3,0,0,5,1.55,0.63,0.71,3.04,4.38,15,2,1,-0.266297,0,1,0,0,1,1,1,1,1,0,0,0,0,0,0,0,0,0,0,0,0,0,0,0,0,0,0,0,0,0,0,0,0,0,0,0,0,1,0,0,0,0,0,-0.328019,-0.101634,-0.736204,0,2,1,10,0,3,1.87,0.76,1.22,1.81,0.15,13,4,0,-0.101634,0,1,0,0,1,1,1,0,0,0,0,0,1,1,1,1,1,1,1,1,1,1,0,0,0,0,0,0,0,0,0,0,0,0,0,0,0,0,0,1,0,0,0
mp-866291,1.1708,Br,Ag,4,2.367536619,-0.720066,-0.295334,-2.52211,0,2,5,10,0,7,1.85,0.8825000000000001,1.2,2.96,4.73,17,4,0,-0.295334,0,1,0,0,1,1,1,1,1,1,1,0,1,1,1,1,1,1,1,1,1,1,0,0,0,0,0,0,0,0,0,0,0,0,0,0,0,0,0,1,0,0,0,-0.157407,-2.086602,-0.298706,0,1,0,10,0,1,2.11,1.0866666666666667,1.45,1.93,1.31,11,5,0,-0.157407,0,0,1,0,1,0,0,0,0,0,0,0,1,1,1,1,1,1,1,1,1,1,0,0,0,0,0,0,0,0,0,0,0,0,0,0,0,0,0,0,1,0,0
mp-22913,0.4871,Br,Cu,4,2.609612066,-0.720066,-0.295334,-2.52211,0,2,5,10,0,7,1.85,0.8825000000000001,1.2,2.96,4.73,17,4,0,-0.295334,0,1,0,0,1,1,1,1,1,1,1,0,1,1,1,1,1,1,1,1,1,1,0,0,0,0,0,0,0,0,0,0,0,0,0,0,0,0,0,1,0,0,0,-0.172056,-2.609244,-0.202272,0,1,0,10,0,1,1.96,0.82,1.32,1.9,1.31,11,4,0,-0.172056,0,0,1,0,1,0,0,0,0,0,0,0,1,1,1,1,1,1,1,1,1,1,0,0,0,0,0,0,0,0,0,0,0,0,0,0,0,0,0,1,0,0,0
mp-32880,0.4449,Br,Cu,4,2.332113647,-0.720066,-0.295334,-2.52211,0,2,5,10,0,7,1.85,0.8825000000000001,1.2,2.96,4.73,17,4,0,-0.295334,0,1,0,0,1,1,1,1,1,1,1,0,1,1,1,1,1,1,1,1,1,1,0,0,0,0,0,0,0,0,0,0,0,0,0,0,0,0,0,1,0,0,0,-0.172056,-2.609244,-0.202272,0,1,0,10,0,1,1.96,0.82,1.32,1.9,1.31,11,4,0,-0.172056,0,0,1,0,1,0,0,0,0,0,0,0,1,1,1,1,1,1,1,1,1,1,0,0,0,0,0,0,0,0,0,0,0,0,0,0,0,0,0,1,0,0,0
mp-406,0.5846,Te,Cd,4,2.304768237,-0.520997,-0.226594,-1.608381,0,2,4,10,0,6,2.06,1.2933333333333332,1.38,2.1,2.58,16,5,0,-0.226594,0,1,0,0,1,1,1,1,1,1,0,0,1,1,1,1,1,1,1,1,1,1,0,0,0,0,0,0,0,0,0,0,0,0,0,0,0,0,0,0,1,0,0,-0.204228,-2.39526,-0.47053,0,2,0,10,0,2,2.18,1.09,1.44,1.69,0.83,12,5,0,-0.204228,0,0,1,0,1,1,0,0,0,0,0,0,1,1,1,1,1,1,1,1,1,1,0,0,0,0,0,0,0,0,0,0,0,0,0,0,0,0,0,0,1,0,0
mp-1009746,1.6193,P,Sc,4,1.645775306,-0.512364,-0.20608,0,0,2,3,0,0,5,1.8,0.55,1.07,2.19,2.69,15,3,1,-0.20608,0,1,0,0,1,1,1,1,1,0,0,0,0,0,0,0,0,0,0,0,0,0,0,0,0,0,0,0,0,0,0,0,0,0,0,0,0,0,1,0,0,0,0,-0.156478,-1.233165,-0.13108,0,2,0,1,0,2,2.15,0.885,1.7,1.36,0.36,3,4,0,-0.13108,0,0,1,0,1,1,0,0,0,0,0,0,1,0,0,0,0,0,0,0,0,0,0,0,0,0,0,0,0,0,0,0,0,0,0,0,0,0,0,1,0,0,0
mp-1225654,0.5569,Cl,Cu,4,2.395822605,-0.754458,-0.32038,0,0,2,5,0,0,7,1.75,0.7799999999999999,1.02,3.16,5.37,17,3,1,-0.32038,0,1,0,0,1,1,1,1,1,1,1,0,0,0,0,0,0,0,0,0,0,0,0,0,0,0,0,0,0,0,0,0,0,0,0,0,0,0,1,0,0,0,0,-0.172056,-2.609244,-0.202272,0,1,0,10,0,1,1.96,0.82,1.32,1.9,1.31,11,4,0,-0.172056,0,0,1,0,1,0,0,0,0,0,0,0,1,1,1,1,1,1,1,1,1,1,0,0,0,0,0,0,0,0,0,0,0,0,0,0,0,0,0,1,0,0,0
mp-1009750,2.4152,N,Sc,4,2.332420188,-0.676151,-0.266297,0,0,2,3,0,0,5,1.55,0.63,0.71,3.04,4.38,15,2,1,-0.266297,0,1,0,0,1,1,1,1,1,0,0,0,0,0,0,0,0,0,0,0,0,0,0,0,0,0,0,0,0,0,0,0,0,0,0,0,0,1,0,0,0,0,0,-0.156478,-1.233165,-0.13108,0,2,0,1,0,2,2.15,0.885,1.7,1.36,0.36,3,4,0,-0.13108,0,0,1,0,1,1,0,0,0,0,0,0,1,0,0,0,0,0,0,0,0,0,0,0,0,0,0,0,0,0,0,0,0,0,0,0,0,0,0,1,0,0,0
mp-2176,1.0733,Te,Zn,4,2.542227048,-0.520997,-0.226594,-1.608381,0,2,4,10,0,6,2.06,1.2933333333333332,1.38,2.1,2.58,16,5,0,-0.226594,0,1,0,0,1,1,1,1,1,1,0,0,1,1,1,1,1,1,1,1,1,1,0,0,0,0,0,0,0,0,0,0,0,0,0,0,0,0,0,0,1,0,0,-0.222725,-3.022363,-0.398944,0,2,0,10,0,2,2.01,0.88,1.22,1.65,1.0,12,4,0,-0.222725,0,0,1,0,1,1,0,0,0,0,0,0,1,1,1,1,1,1,1,1,1,1,0,0,0,0,0,0,0,0,0,0,0,0,0,0,0,0,0,1,0,0,0
mp-10695,2.0192,S,Zn,4,3.691166965,-0.630912,-0.261676,0,0,2,4,0,0,6,1.8,0.88,1.05,2.58,3.31,16,3,1,-0.261676,0,1,0,0,1,1,1,1,1,1,0,0,0,0,0,0,0,0,0,0,0,0,0,0,0,0,0,0,0,0,0,0,0,0,0,0,0,0,1,0,0,0,0,-0.222725,-3.022363,-0.398944,0,2,0,10,0,2,2.01,0.88,1.22,1.65,1.0,12,4,0,-0.222725,0,0,1,0,1,1,0,0,0,0,0,0,1,1,1,1,1,1,1,1,1,1,0,0,0,0,0,0,0,0,0,0,0,0,0,0,0,0,0,1,0,0,0
mp-1009540,0.1453,Os,C,4,2.984177236,-0.191489,-1.757404,-0.296791,-2.321175,2,0,6,14,2,2.16,0.673,1.44,2.2,1.95,8,6,0,-0.191489,0,0,1,0,1,1,0,0,0,0,0,0,1,1,1,1,1,1,0,0,0,0,1,1,1,1,1,1,1,1,1,1,1,1,1,1,0,0,0,0,0,1,0,-0.500866,-0.199186,0,0,2,2,0,0,4,1.7,0.3,0.76,2.55,3.69,14,2,1,-0.199186,0,1,0,0,1,1,1,1,0,0,0,0,0,0,0,0,0,0,0,0,0,0,0,0,0,0,0,0,0,0,0,0,0,0,0,0,0,1,0,0,0,0,0
mp-1009820,0.6257,C,Sn,4,3.077600715,-0.500866,-0.199186,0,0,2,2,0,0,4,1.7,0.3,0.76,2.55,3.69,14,2,1,-0.199186,0,1,0,0,1,1,1,1,0,0,0,0,0,0,0,0,0,0,0,0,0,0,0,0,0,0,0,0,0,0,0,0,0,0,0,0,0,1,0,0,0,0,0,-0.369349,-0.14445,-1.004952,0,2,2,10,0,4,2.17,0.83,1.39,1.96,1.27,14,5,0,-0.14445,0,1,0,0,1,1,1,1,0,0,0,0,1,1,1,1,1,1,1,1,1,1,0,0,0,0,0,0,0,0,0,0,0,0,0,0,0,0,0,0,1,0,0
mp-16364,0.0774,Te,Sn,4,1.676888,-0.520997,-0.226594,-1.608381,0,2,4,10,0,6,2.06,1.2933333333333332,1.38,2.1,2.58,16,5,0,-0.226594,0,1,0,0,1,1,1,1,1,1,0,0,1,1,1,1,1,1,1,1,1,1,0,0,0,0,0,0,0,0,0,0,0,0,0,0,0,0,0,0,1,0,0,-0.369349,-0.14445,-1.004952,0,2,2,10,0,4,2.17,0.83,1.39,1.96,1.27,14,5,0,-0.14445,0,1,0,0,1,1,1,1,0,0,0,0,1,1,1,1,1,1,1,1,1,1,0,0,0,0,0,0,0,0,0,0,0,0,0,0,0,0,0,0,1,0,0
mp-1002124,0.2957,C,Hf,4,3.342041746,-0.500866,-0.199186,0,0,2,2,0,0,4,1.7,0.3,0.76,2.55,3.69,14,2,1,-0.199186,0,1,0,0,1,1,1,1,0,0,0,0,0,0,0,0,0,0,0,0,0,0,0,0,0,0,0,0,0,0,0,0,0,0,0,0,0,1,0,0,0,0,0,-0.166465,-1.246441,-0.143805,-0.871574,2,0,2,14,2,2.23,0.85,1.75,1.3,0.37,4,6,0,-0.143805,0,0,1,0,1,1,0,0,0,0,0,0,1,1,0,0,0,0,0,0,0,0,1,1,1,1,1,1,1,1,1,1,1,1,1,1,0,0,0,0,0,1,0
mp-2469,1.0492,S,Cd,4,2.753244003,-0.630912,-0.261676,0,0,2,4,0,0,6,1.8,0.88,1.05,2.58,3.31,16,3,1,-0.261676,0,1,0,0,1,1,1,1,1,1,0,0,0,0,0,0,0,0,0,0,0,0,0,0,0,0,0,0,0,0,0,0,0,0,0,0,0,0,1,0,0,0,0,-0.204228,-2.39526,-0.47053,0,2,0,10,0,2,2.18,1.09,1.44,1.69,0.83,12,5,0,-0.204228,0,0,1,0,1,1,0,0,0,0,0,0,1,1,1,1,1,1,1,1,1,1,0,0,0,0,0,0,0,0,0,0,0,0,0,0,0,0,0,0,1,0,0
mp-13031,2.6533,Se,Mg,4,2.852374287,-0.621248,-0.245806,-2.011392,0,2,4,10,0,6,1.9,1.0133333333333334,1.2,2.55,3.09,16,4,0,-0.245806,0,1,0,0,1,1,1,1,1,1,0,0,1,1,1,1,1,1,1,1,1,1,0,0,0,0,0,0,0,0,0,0,0,0,0,0,0,0,0,1,0,0,0,-0.175427,-1.71897,0,0,2,0,0,0,2,1.73,0.86,1.41,1.31,0.78,2,3,1,-0.175427,1,0,0,0,1,1,0,0,0,0,0,0,0,0,0,0,0,0,0,0,0,0,0,0,0,0,0,0,0,0,0,0,0,0,0,0,0,0,1,0,0,0,0
mp-1009639,1.5598,N,Pr,4,2.42760308,-0.676151,-0.266297,0,0,2,3,0,0,5,1.55,0.63,0.71,3.04,4.38,15,2,1,-0.266297,0,1,0,0,1,1,1,1,1,0,0,0,0,0,0,0,0,0,0,0,0,0,0,0,0,0,0,0,0,0,0,0,0,0,0,0,0,1,0,0,0,0,0,-0.124465,-0.778046,0,-0.155138,2,0,0,3,2,2.4,1.06,2.03,1.13,0.11,3,6,0,-0.124465,0,0,0,1,1,1,0,0,0,0,0,0,0,0,0,0,0,0,0,0,0,0,1,1,1,0,0,0,0,0,0,0,0,0,0,0,0,0,0,0,0,1,0
mp-1009894,0.4781,C,Zr,4,3.22567527,-0.500866,-0.199186,0,0,2,2,0,0,4,1.7,0.3,0.76,2.55,3.69,14,2,1,-0.199186,0,1,0,0,1,1,1,1,0,0,0,0,0,0,0,0,0,0,0,0,0,0,0,0,0,0,0,0,0,0,0,0,0,0,0,0,0,1,0,0,0,0,0,-0.162391,-1.186597,-0.150673,0,2,0,2,0,2,2.23,0.86,1.75,1.33,0.56,4,5,0,-0.150673,0,0,1,0,1,1,0,0,0,0,0,0,1,1,0,0,0,0,0,0,0,0,0,0,0,0,0,0,0,0,0,0,0,0,0,0,0,0,0,0,1,0,0
mp-2534,0.1861,As,Ga,4,1.977242471,-0.52367,-0.197497,-1.542767,0,2,3,10,0,5,1.85,0.6599999999999999,1.19,2.18,2.49,15,4,0,-0.197497,0,1,0,0,1,1,1,1,1,0,0,0,1,1,1,1,1,1,1,1,1,1,0,0,0,0,0,0,0,0,0,0,0,0,0,0,0,0,0,1,0,0,0,-0.328019,-0.101634,-0.736204,0,2,1,10,0,3,1.87,0.76,1.22,1.81,0.15,13,4,0,-0.101634,0,1,0,0,1,1,1,0,0,0,0,0,1,1,1,1,1,1,1,1,1,1,0,0,0,0,0,0,0,0,0,0,0,0,0,0,0,0,0,1,0,0,0
mp-1219182,0.606,Si,Ge,4,3.092473999,-0.398139,-0.153293,0,0,2,2,0,0,4,2.1,0.54,1.11,1.9,2.05,14,3,1,-0.153293,0,1,0,0,1,1,1,1,0,0,0,0,0,0,0,0,0,0,0,0,0,0,0,0,0,0,0,0,0,0,0,0,0,0,0,0,0,0,1,0,0,0,0,-0.426523,-0.149882,-1.117316,0,2,2,10,0,4,2.11,0.77,1.2,2.01,1.69,14,4,0,-0.149882,0,1,0,0,1,1,1,1,0,0,0,0,1,1,1,1,1,1,1,1,1,1,0,0,0,0,0,0,0,0,0,0,0,0,0,0,0,0,0,1,0,0,0
mp-22408,0.588,O,Co,4,2.169442001,-0.871362,-0.338381,0,0,2,4,0,0,6,1.52,1.26,0.66,3.44,4.8,16,2,1,-0.338381,0,1,0,0,1,1,1,1,1,1,0,0,0,0,0,0,0,0,0,0,0,0,0,0,0,0,0,0,0,0,0,0,0,0,0,0,0,1,0,0,0,0,0,-0.204497,-2.388285,-0.322368,0,2,0,7,0,2,2.0,0.7683333333333334,1.26,1.88,1.5,9,4,0,-0.204497,0,0,1,0,1,1,0,0,0,0,0,0,1,1,1,1,1,1,1,0,0,0,0,0,0,0,0,0,0,0,0,0,0,0,0,0,0,0,0,1,0,0,0
mp-1002164,1.6581,C,Ge,4,3.521030759,-0.500866,-0.199186,0,0,2,2,0,0,4,1.7,0.3,0.76,2.55,3.69,14,2,1,-0.199186,0,1,0,0,1,1,1,1,0,0,0,0,0,0,0,0,0,0,0,0,0,0,0,0,0,0,0,0,0,0,0,0,0,0,0,0,0,1,0,0,0,0,0,-0.426523,-0.149882,-1.117316,0,2,2,10,0,4,2.11,0.77,1.2,2.01,1.69,14,4,0,-0.149882,0,1,0,0,1,1,1,1,0,0,0,0,1,1,1,1,1,1,1,1,1,1,0,0,0,0,0,0,0,0,0,0,0,0,0,0,0,0,0,1,0,0,0
mp-252,2.0173,Te,Be,4,3.219550628,-0.520997,-0.226594,-1.608381,0,2,4,10,0,6,2.06,1.2933333333333332,1.38,2.1,2.58,16,5,0,-0.226594,0,1,0,0,1,1,1,1,1,1,0,0,1,1,1,1,1,1,1,1,1,1,0,0,0,0,0,0,0,0,0,0,0,0,0,0,0,0,0,0,1,0,0,-0.205744,0,0,0,2,0,0,0,2,1.53,0.59,0.96,1.57,1.42,2,2,1,-0.205744,1,0,0,0,1,1,0,0,0,0,0,0,0,0,0,0,0,0,0,0,0,0,0,0,0,0,0,0,0,0,0,0,0,0,0,0,0,1,0,0,0,0,0
mp-1190,1.1663,Se,Zn,4,2.196473167,-0.621248,-0.245806,-2.011392,0,2,4,10,0,6,1.9,1.0133333333333334,1.2,2.55,3.09,16,4,0,-0.245806,0,1,0,0,1,1,1,1,1,1,0,0,1,1,1,1,1,1,1,1,1,1,0,0,0,0,0,0,0,0,0,0,0,0,0,0,0,0,0,1,0,0,0,-0.222725,-3.022363,-0.398944,0,2,0,10,0,2,2.01,0.88,1.22,1.65,1.0,12,4,0,-0.222725,0,0,1,0,1,1,0,0,0,0,0,0,1,1,1,1,1,1,1,1,1,1,0,0,0,0,0,0,0,0,0,0,0,0,0,0,0,0,0,1,0,0,0
mp-1008223,3.1661,Se,Ca,4,3.141871248,-0.621248,-0.245806,-2.011392,0,2,4,10,0,6,1.9,1.0133333333333334,1.2,2.55,3.09,16,4,0,-0.245806,0,1,0,0,1,1,1,1,1,1,0,0,1,1,1,1,1,1,1,1,1,1,0,0,0,0,0,0,0,0,0,0,0,0,0,0,0,0,0,1,0,0,0,-0.141411,-1.030572,0,0,2,0,0,0,2,2.31,1.14,1.76,1.0,0.04,2,4,1,-0.141411,1,0,0,0,1,1,0,0,0,0,0,0,0,0,0,0,0,0,0,0,0,0,0,0,0,0,0,0,0,0,0,0,0,0,0,0,0,0,0,1,0,0,0
mp-10044,1.2037,As,B,4,2.961542041,-0.52367,-0.197497,-1.542767,0,2,3,10,0,5,1.85,0.6599999999999999,1.19,2.18,2.49,15,4,0,-0.197497,0,1,0,0,1,1,1,1,1,0,0,0,1,1,1,1,1,1,1,1,1,1,0,0,0,0,0,0,0,0,0,0,0,0,0,0,0,0,0,1,0,0,0,-0.344701,-0.136603,0,0,2,1,0,0,3,1.92,0.41,0.84,2.04,1.6,13,2,1,-0.136603,0,1,0,0,1,1,1,0,0,0,0,0,0,0,0,0,0,0,0,0,0,0,0,0,0,0,0,0,0,0,0,0,0,0,0,0,0,1,0,0,0,0,0
mp-2691,0.5096,Se,Cd,4,2.986506353,-0.621248,-0.245806,-2.011392,0,2,4,10,0,6,1.9,1.0133333333333334,1.2,2.55,3.09,16,4,0,-0.245806,0,1,0,0,1,1,1,1,1,1,0,0,1,1,1,1,1,1,1,1,1,1,0,0,0,0,0,0,0,0,0,0,0,0,0,0,0,0,0,1,0,0,0,-0.204228,-2.39526,-0.47053,0,2,0,10,0,2,2.18,1.09,1.44,1.69,0.83,12,5,0,-0.204228,0,0,1,0,1,1,0,0,0,0,0,0,1,1,1,1,1,1,1,1,1,1,0,0,0,0,0,0,0,0,0,0,0,0,0,0,0,0,0,0,1,0,0
mp-1181862,0.2766,S,Cd,6,2.63347689,-0.630912,-0.261676,0,0,2,4,0,0,6,1.8,0.88,1.05,2.58,3.31,16,3,1,-0.261676,0,1,0,0,1,1,1,1,1,1,0,0,0,0,0,0,0,0,0,0,0,0,0,0,0,0,0,0,0,0,0,0,0,0,0,0,0,0,1,0,0,0,0,-0.204228,-2.39526,-0.47053,0,2,0,10,0,2,2.18,1.09,1.44,1.69,0.83,12,5,0,-0.204228,0,0,1,0,1,1,0,0,0,0,0,0,1,1,1,1,1,1,1,1,1,1,0,0,0,0,0,0,0,0,0,0,0,0,0,0,0,0,0,0,1,0,0
mp-573697,4.8482,Cl,Cs,6,3.005713598,-0.754458,-0.32038,0,0,2,5,0,0,7,1.75,0.7799999999999999,1.02,3.16,5.37,17,3,1,-0.32038,0,1,0,0,1,1,1,1,1,1,1,0,0,0,0,0,0,0,0,0,0,0,0,0,0,0,0,0,0,0,0,0,0,0,0,0,0,0,1,0,0,0,0,-0.078699,-0.504903,0,0,1,0,0,0,1,3.43,1.81,2.44,0.79,-1.35,1,6,0,-0.078699,1,0,0,0,1,0,0,0,0,0,0,0,0,0,0,0,0,0,0,0,0,0,0,0,0,0,0,0,0,0,0,0,0,0,0,0,0,0,0,0,0,1,0
mp-23259,4.9025,Br,Li,6,2.462674956,-0.720066,-0.295334,-2.52211,0,2,5,10,0,7,1.85,0.8825000000000001,1.2,2.96,4.73,17,4,0,-0.295334,0,1,0,0,1,1,1,1,1,1,1,0,1,1,1,1,1,1,1,1,1,1,0,0,0,0,0,0,0,0,0,0,0,0,0,0,0,0,0,1,0,0,0,-0.10554,0,0,0,1,0,0,0,1,1.82,0.9,1.28,0.98,0.06,1,2,1,-0.10554,1,0,0,0,1,0,0,0,0,0,0,0,0,0,0,0,0,0,0,0,0,0,0,0,0,0,0,0,0,0,0,0,0,0,0,0,0,1,0,0,0,0,0
mp-1087,2.497,S,Sr,6,2.816141526,-0.630912,-0.261676,0,0,2,4,0,0,6,1.8,0.88,1.05,2.58,3.31,16,3,1,-0.261676,0,1,0,0,1,1,1,1,1,1,0,0,0,0,0,0,0,0,0,0,0,0,0,0,0,0,0,0,0,0,0,0,0,0,0,0,0,0,1,0,0,0,0,-0.131793,-0.844489,0,0,2,0,0,0,2,2.49,1.32,1.95,0.95,-0.18,2,5,0,-0.131793,1,0,0,0,1,1,0,0,0,0,0,0,0,0,0,0,0,0,0,0,0,0,0,0,0,0,0,0,0,0,0,0,0,0,0,0,0,0,0,0,1,0,0
mp-2201,0.4257,Se,Pb,6,3.308707175,-0.621248,-0.245806,-2.011392,0,2,4,10,0,6,1.9,1.0133333333333334,1.2,2.55,3.09,16,4,0,-0.245806,0,1,0,0,1,1,1,1,1,1,0,0,1,1,1,1,1,1,1,1,1,1,0,0,0,0,0,0,0,0,0,0,0,0,0,0,0,0,0,1,0,0,0,-0.357187,-0.141831,-0.902393,-5.592532,2,2,10,14,4,2.02,1.1225,1.46,2.33,0.86,14,6,0,-0.141831,0,1,0,0,1,1,1,1,0,0,0,0,1,1,1,1,1,1,1,1,1,1,1,1,1,1,1,1,1,1,1,1,1,1,1,1,0,0,0,0,0,1,0
mp-2853,0.4207,N,Ga,6,2.361976115,-0.676151,-0.266297,0,0,2,3,0,0,5,1.55,0.63,0.71,3.04,4.38,15,2,1,-0.266297,0,1,0,0,1,1,1,1,1,0,0,0,0,0,0,0,0,0,0,0,0,0,0,0,0,0,0,0,0,0,0,0,0,0,0,0,0,1,0,0,0,0,0,-0.328019,-0.101634,-0.736204,0,2,1,10,0,3,1.87,0.76,1.22,1.81,0.15,13,4,0,-0.101634,0,1,0,0,1,1,1,0,0,0,0,0,1,1,1,1,1,1,1,1,1,1,0,0,0,0,0,0,0,0,0,0,0,0,0,0,0,0,0,1,0,0,0
mp-1265,4.4292,O,Mg,6,2.39281673,-0.871362,-0.338381,0,0,2,4,0,0,6,1.52,1.26,0.66,3.44,4.8,16,2,1,-0.338381,0,1,0,0,1,1,1,1,1,1,0,0,0,0,0,0,0,0,0,0,0,0,0,0,0,0,0,0,0,0,0,0,0,0,0,0,0,1,0,0,0,0,0,-0.175427,-1.71897,0,0,2,0,0,0,2,1.73,0.86,1.41,1.31,0.78,2,3,1,-0.175427,1,0,0,0,1,1,0,0,0,0,0,0,0,0,0,0,0,0,0,0,0,0,0,0,0,0,0,0,0,0,0,0,0,0,0,0,0,0,1,0,0,0,0
mp-1820,2.2246,S,Yb,6,2.774107749,-0.630912,-0.261676,0,0,2,4,0,0,6,1.8,0.88,1.05,2.58,3.31,16,3,1,-0.261676,0,1,0,0,1,1,1,1,1,1,0,0,0,0,0,0,0,0,0,0,0,0,0,0,0,0,0,0,0,0,0,0,0,0,0,0,0,0,1,0,0,0,0,-0.136989,-0.966137,0,-0.286408,2,0,0,14,2,2.26,1.084,1.87,1.1,-0.19,3,6,0,-0.136989,0,0,0,1,1,1,0,0,0,0,0,0,0,0,0,0,0,0,0,0,0,0,1,1,1,1,1,1,1,1,1,1,1,1,1,1,0,0,0,0,0,1,0
mp-23231,0.7304,Br,Ag,6,3.004081215,-0.720066,-0.295334,-2.52211,0,2,5,10,0,7,1.85,0.8825000000000001,1.2,2.96,4.73,17,4,0,-0.295334,0,1,0,0,1,1,1,1,1,1,1,0,1,1,1,1,1,1,1,1,1,1,0,0,0,0,0,0,0,0,0,0,0,0,0,0,0,0,0,1,0,0,0,-0.157407,-2.086602,-0.298706,0,1,0,10,0,1,2.11,1.0866666666666667,1.45,1.93,1.31,11,5,0,-0.157407,0,0,1,0,1,0,0,0,0,0,0,0,1,1,1,1,1,1,1,1,1,1,0,0,0,0,0,0,0,0,0,0,0,0,0,0,0,0,0,0,1,0,0
mp-22898,3.8513,I,K,6,2.772662936,-0.596339,-0.267904,-1.938179,0,2,5,10,0,7,1.98,1.2733333333333334,1.39,2.66,3.82,17,5,0,-0.267904,0,1,0,0,1,1,1,1,1,1,1,0,1,1,1,1,1,1,1,1,1,1,0,0,0,0,0,0,0,0,0,0,0,0,0,0,0,0,0,0,1,0,0,-0.088815,-0.693776,0,0,1,0,0,0,1,2.75,1.52,2.03,0.82,-0.99,1,4,1,-0.088815,1,0,0,0,1,0,0,0,0,0,0,0,0,0,0,0,0,0,0,0,0,0,0,0,0,0,0,0,0,0,0,0,0,0,0,0,0,0,0,1,0,0,0
mp-19717,0.8063,Te,Pb,6,1.309910999,-0.520997,-0.226594,-1.608381,0,2,4,10,0,6,2.06,1.2933333333333332,1.38,2.1,2.58,16,5,0,-0.226594,0,1,0,0,1,1,1,1,1,1,0,0,1,1,1,1,1,1,1,1,1,1,0,0,0,0,0,0,0,0,0,0,0,0,0,0,0,0,0,0,1,0,0,-0.357187,-0.141831,-0.902393,-5.592532,2,2,10,14,4,2.02,1.1225,1.46,2.33,0.86,14,6,0,-0.141831,0,1,0,0,1,1,1,1,0,0,0,0,1,1,1,1,1,1,1,1,1,1,1,1,1,1,1,1,1,1,1,1,1,1,1,1,0,0,0,0,0,1,0
mp-714885,0.9011,O,V,6,2.448361342,-0.871362,-0.338381,0,0,2,4,0,0,6,1.52,1.26,0.66,3.44,4.8,16,2,1,-0.338381,0,1,0,0,1,1,1,1,1,1,0,0,0,0,0,0,0,0,0,0,0,0,0,0,0,0,0,0,0,0,0,0,0,0,0,0,0,1,0,0,0,0,0,-0.175968,-1.610516,-0.204634,0,2,0,3,0,2,2.07,0.7775,1.53,1.63,0.73,5,4,0,-0.175968,0,0,1,0,1,1,0,0,0,0,0,0,1,1,1,0,0,0,0,0,0,0,0,0,0,0,0,0,0,0,0,0,0,0,0,0,0,0,0,1,0,0,0
mp-19009,2.3009,O,Ni,6,3.544919701,-0.871362,-0.338381,0,0,2,4,0,0,6,1.52,1.26,0.66,3.44,4.8,16,2,1,-0.338381,0,1,0,0,1,1,1,1,1,1,0,0,0,0,0,0,0,0,0,0,0,0,0,0,0,0,0,0,0,0,0,0,0,0,0,0,0,1,0,0,0,0,0,-0.210764,-2.594158,-0.348699,0,2,0,8,0,2,1.97,0.74,1.24,1.91,1.7,10,4,0,-0.210764,0,0,1,0,1,1,0,0,0,0,0,0,1,1,1,1,1,1,1,1,0,0,0,0,0,0,0,0,0,0,0,0,0,0,0,0,0,0,0,1,0,0,0
mp-1784,5.2626,F,Cs,6,2.790391573,-1.086859,-0.415606,0,0,2,5,0,0,7,1.47,0.705,0.57,3.98,7.31,17,2,1,-0.415606,0,1,0,0,1,1,1,1,1,1,1,0,0,0,0,0,0,0,0,0,0,0,0,0,0,0,0,0,0,0,0,0,0,0,0,0,0,1,0,0,0,0,0,-0.078699,-0.504903,0,0,1,0,0,0,1,3.43,1.81,2.44,0.79,-1.35,1,6,0,-0.078699,1,0,0,0,1,0,0,0,0,0,0,0,0,0,0,0,0,0,0,0,0,0,0,0,0,0,0,0,0,0,0,0,0,0,0,0,0,0,0,0,0,1,0
mp-463,5.9494,F,K,6,2.198528108,-1.086859,-0.415606,0,0,2,5,0,0,7,1.47,0.705,0.57,3.98,7.31,17,2,1,-0.415606,0,1,0,0,1,1,1,1,1,1,1,0,0,0,0,0,0,0,0,0,0,0,0,0,0,0,0,0,0,0,0,0,0,0,0,0,0,1,0,0,0,0,0,-0.088815,-0.693776,0,0,1,0,0,0,1,2.75,1.52,2.03,0.82,-0.99,1,4,1,-0.088815,1,0,0,0,1,0,0,0,0,0,0,0,0,0,0,0,0,0,0,0,0,0,0,0,0,0,0,0,0,0,0,0,0,0,0,0,0,0,0,1,0,0,0
mp-286,1.9621,Se,Yb,6,2.223630837,-0.621248,-0.245806,-2.011392,0,2,4,10,0,6,1.9,1.0133333333333334,1.2,2.55,3.09,16,4,0,-0.245806,0,1,0,0,1,1,1,1,1,1,0,0,1,1,1,1,1,1,1,1,1,1,0,0,0,0,0,0,0,0,0,0,0,0,0,0,0,0,0,1,0,0,0,-0.136989,-0.966137,0,-0.286408,2,0,0,14,2,2.26,1.084,1.87,1.1,-0.19,3,6,0,-0.136989,0,0,0,1,1,1,0,0,0,0,0,0,0,0,0,0,0,0,0,0,0,0,1,1,1,1,1,1,1,1,1,1,1,1,1,1,0,0,0,0,0,1,0
mp-23268,3.5687,I,Na,6,2.794063077,-0.596339,-0.267904,-1.938179,0,2,5,10,0,7,1.98,1.2733333333333334,1.39,2.66,3.82,17,5,0,-0.267904,0,1,0,0,1,1,1,1,1,1,1,0,1,1,1,1,1,1,1,1,1,1,0,0,0,0,0,0,0,0,0,0,0,0,0,0,0,0,0,0,1,0,0,-0.103415,-1.060636,0,0,1,0,0,0,1,2.27,1.16,1.66,0.93,-0.03,1,3,1,-0.103415,1,0,0,0,1,0,0,0,0,0,0,0,0,0,0,0,0,0,0,0,0,0,0,0,0,0,0,0,0,0,0,0,0,0,0,0,0,0,1,0,0,0,0
mp-1519,1.5535,Te,Ca,6,1.824622001,-0.520997,-0.226594,-1.608381,0,2,4,10,0,6,2.06,1.2933333333333332,1.38,2.1,2.58,16,5,0,-0.226594,0,1,0,0,1,1,1,1,1,1,0,0,1,1,1,1,1,1,1,1,1,1,0,0,0,0,0,0,0,0,0,0,0,0,0,0,0,0,0,0,1,0,0,-0.141411,-1.030572,0,0,2,0,0,0,2,2.31,1.14,1.76,1.0,0.04,2,4,1,-0.141411,1,0,0,0,1,1,0,0,0,0,0,0,0,0,0,0,0,0,0,0,0,0,0,0,0,0,0,0,0,0,0,0,0,0,0,0,0,0,0,1,0,0,0
mp-10759,0.0153,Se,Ge,6,2.905303815,-0.621248,-0.245806,-2.011392,0,2,4,10,0,6,1.9,1.0133333333333334,1.2,2.55,3.09,16,4,0,-0.245806,0,1,0,0,1,1,1,1,1,1,0,0,1,1,1,1,1,1,1,1,1,1,0,0,0,0,0,0,0,0,0,0,0,0,0,0,0,0,0,1,0,0,0,-0.426523,-0.149882,-1.117316,0,2,2,10,0,4,2.11,0.77,1.2,2.01,1.69,14,4,0,-0.149882,0,1,0,0,1,1,1,1,0,0,0,0,1,1,1,1,1,1,1,1,1,1,0,0,0,0,0,0,0,0,0,0,0,0,0,0,0,0,0,1,0,0,0
mp-1253,1.9488,Se,Ba,6,2.542122237,-0.621248,-0.245806,-2.011392,0,2,4,10,0,6,1.9,1.0133333333333334,1.2,2.55,3.09,16,4,0,-0.245806,0,1,0,0,1,1,1,1,1,1,0,0,1,1,1,1,1,1,1,1,1,1,0,0,0,0,0,0,0,0,0,0,0,0,0,0,0,0,0,1,0,0,0,-0.118967,-0.698605,0,0,2,0,0,0,2,2.68,1.49,2.15,0.89,-0.36,2,6,0,-0.118967,1,0,0,0,1,1,0,0,0,0,0,0,0,0,0,0,0,0,0,0,0,0,0,0,0,0,0,0,0,0,0,0,0,0,0,0,0,0,0,0,0,1,0
mp-23251,4.3224,Br,K,6,3.084499998,-0.720066,-0.295334,-2.52211,0,2,5,10,0,7,1.85,0.8825000000000001,1.2,2.96,4.73,17,4,0,-0.295334,0,1,0,0,1,1,1,1,1,1,1,0,1,1,1,1,1,1,1,1,1,1,0,0,0,0,0,0,0,0,0,0,0,0,0,0,0,0,0,1,0,0,0,-0.088815,-0.693776,0,0,1,0,0,0,1,2.75,1.52,2.03,0.82,-0.99,1,4,1,-0.088815,1,0,0,0,1,0,0,0,0,0,0,0,0,0,0,0,0,0,0,0,0,0,0,0,0,0,0,0,0,0,0,0,0,0,0,0,0,0,0,1,0,0,0
mp-1415,2.0728,Se,Ca,6,2.403555551,-0.621248,-0.245806,-2.011392,0,2,4,10,0,6,1.9,1.0133333333333334,1.2,2.55,3.09,16,4,0,-0.245806,0,1,0,0,1,1,1,1,1,1,0,0,1,1,1,1,1,1,1,1,1,1,0,0,0,0,0,0,0,0,0,0,0,0,0,0,0,0,0,1,0,0,0,-0.141411,-1.030572,0,0,2,0,0,0,2,2.31,1.14,1.76,1.0,0.04,2,4,1,-0.141411,1,0,0,0,1,1,0,0,0,0,0,0,0,0,0,0,0,0,0,0,0,0,0,0,0,0,0,0,0,0,0,0,0,0,0,0,0,0,0,1,0,0,0
mp-22867,4.192,Br,Rb,6,3.355835274,-0.720066,-0.295334,-2.52211,0,2,5,10,0,7,1.85,0.8825000000000001,1.2,2.96,4.73,17,4,0,-0.295334,0,1,0,0,1,1,1,1,1,1,1,0,1,1,1,1,1,1,1,1,1,1,0,0,0,0,0,0,0,0,0,0,0,0,0,0,0,0,0,1,0,0,0,-0.085375,-0.59217,0,0,1,0,0,0,1,3.03,1.66,2.2,0.82,-0.79,1,5,0,-0.085375,1,0,0,0,1,0,0,0,0,0,0,0,0,0,0,0,0,0,0,0,0,0,0,0,0,0,0,0,0,0,0,0,0,0,0,0,0,0,0,0,1,0,0
mp-682,6.204,F,Na,6,2.149365848,-1.086859,-0.415606,0,0,2,5,0,0,7,1.47,0.705,0.57,3.98,7.31,17,2,1,-0.415606,0,1,0,0,1,1,1,1,1,1,1,0,0,0,0,0,0,0,0,0,0,0,0,0,0,0,0,0,0,0,0,0,0,0,0,0,0,1,0,0,0,0,0,-0.103415,-1.060636,0,0,1,0,0,0,1,2.27,1.16,1.66,0.93,-0.03,1,3,1,-0.103415,1,0,0,0,1,0,0,0,0,0,0,0,0,0,0,0,0,0,0,0,0,0,0,0,0,0,0,0,0,0,0,0,0,0,0,0,0,0,1,0,0,0,0
mp-1138,8.6959,F,Li,6,3.185812957,-1.086859,-0.415606,0,0,2,5,0,0,7,1.47,0.705,0.57,3.98,7.31,17,2,1,-0.415606,0,1,0,0,1,1,1,1,1,1,1,0,0,0,0,0,0,0,0,0,0,0,0,0,0,0,0,0,0,0,0,0,0,0,0,0,0,1,0,0,0,0,0,-0.10554,0,0,0,1,0,0,0,1,1.82,0.9,1.28,0.98,0.06,1,2,1,-0.10554,1,0,0,0,1,0,0,0,0,0,0,0,0,0,0,0,0,0,0,0,0,0,0,0,0,0,0,0,0,0,0,0,0,0,0,0,0,1,0,0,0,0,0
mp-1180106,0.3534,S,Na,6,2.555898003,-0.630912,-0.261676,0,0,2,4,0,0,6,1.8,0.88,1.05,2.58,3.31,16,3,1,-0.261676,0,1,0,0,1,1,1,1,1,1,0,0,0,0,0,0,0,0,0,0,0,0,0,0,0,0,0,0,0,0,0,0,0,0,0,0,0,0,1,0,0,0,0,-0.103415,-1.060636,0,0,1,0,0,0,1,2.27,1.16,1.66,0.93,-0.03,1,3,1,-0.103415,1,0,0,0,1,0,0,0,0,0,0,0,0,0,0,0,0,0,0,0,0,0,0,0,0,0,0,0,0,0,0,0,0,0,0,0,0,0,1,0,0,0,0
mp-1227290,0.1101,Sb,Bi,6,2.33583193,-0.445605,-0.185623,-1.297338,0,2,3,10,0,5,2.06,0.8300000000000001,1.39,2.05,1.95,15,5,0,-0.185623,0,1,0,0,1,1,1,1,1,0,0,0,1,1,1,1,1,1,1,1,1,1,0,0,0,0,0,0,0,0,0,0,0,0,0,0,0,0,0,0,1,0,0,-0.426129,-0.180198,-1.139408,-6.382744,2,3,10,14,5,2.07,1.035,1.48,2.02,1.22,15,6,0,-0.180198,0,1,0,0,1,1,1,1,1,0,0,0,1,1,1,1,1,1,1,1,1,1,1,1,1,1,1,1,1,1,1,1,1,1,1,1,0,0,0,0,0,1,0
mp-2117,0.0134,N,Tb,6,2.836248656,-0.676151,-0.266297,0,0,2,3,0,0,5,1.55,0.63,0.71,3.04,4.38,15,2,1,-0.266297,0,1,0,0,1,1,1,1,1,0,0,0,0,0,0,0,0,0,0,0,0,0,0,0,0,0,0,0,0,0,0,0,0,0,0,0,0,1,0,0,0,0,0,-0.131677,-0.88723,0,-0.256311,2,0,0,9,2,2.33,0.9815,1.94,1.1,0.27,3,6,0,-0.131677,0,0,0,1,1,1,0,0,0,0,0,0,0,0,0,0,0,0,0,0,0,0,1,1,1,1,1,1,1,1,1,0,0,0,0,0,0,0,0,0,0,1,0
mp-11718,5.5244,F,Rb,6,2.733723266,-1.086859,-0.415606,0,0,2,5,0,0,7,1.47,0.705,0.57,3.98,7.31,17,2,1,-0.415606,0,1,0,0,1,1,1,1,1,1,1,0,0,0,0,0,0,0,0,0,0,0,0,0,0,0,0,0,0,0,0,0,0,0,0,0,0,1,0,0,0,0,0,-0.085375,-0.59217,0,0,1,0,0,0,1,3.03,1.66,2.2,0.82,-0.79,1,5,0,-0.085375,1,0,0,0,1,0,0,0,0,0,0,0,0,0,0,0,0,0,0,0,0,0,0,0,0,0,0,0,0,0,0,0,0,0,0,0,0,0,0,0,1,0,0
mp-23295,4.8388,Cl,Rb,6,2.682763001,-0.754458,-0.32038,0,0,2,5,0,0,7,1.75,0.7799999999999999,1.02,3.16,5.37,17,3,1,-0.32038,0,1,0,0,1,1,1,1,1,1,1,0,0,0,0,0,0,0,0,0,0,0,0,0,0,0,0,0,0,0,0,0,0,0,0,0,0,0,1,0,0,0,0,-0.085375,-0.59217,0,0,1,0,0,0,1,3.03,1.66,2.2,0.82,-0.79,1,5,0,-0.085375,1,0,0,0,1,0,0,0,0,0,0,0,0,0,0,0,0,0,0,0,0,0,0,0,0,0,0,0,0,0,0,0,0,0,0,0,0,0,0,0,1,0,0
mp-1102,0.2331,N,Lu,6,2.604397505,-0.676151,-0.266297,0,0,2,3,0,0,5,1.55,0.63,0.71,3.04,4.38,15,2,1,-0.266297,0,1,0,0,1,1,1,1,1,0,0,0,0,0,0,0,0,0,0,0,0,0,0,0,0,0,0,0,0,0,0,0,0,0,0,0,0,1,0,0,0,0,0,-0.155112,-1.111991,-0.103686,-0.568096,2,0,1,14,2,2.24,1.001,1.87,1.27,-0.24,3,6,0,-0.103686,0,0,1,0,1,1,0,0,0,0,0,0,1,0,0,0,0,0,0,0,0,0,1,1,1,1,1,1,1,1,1,1,1,1,1,1,0,0,0,0,0,1,0
mp-1975,0.1529,N,Tm,6,3.01043354,-0.676151,-0.266297,0,0,2,3,0,0,5,1.55,0.63,0.71,3.04,4.38,15,2,1,-0.266297,0,1,0,0,1,1,1,1,1,0,0,0,0,0,0,0,0,0,0,0,0,0,0,0,0,0,0,0,0,0,0,0,0,0,0,0,0,1,0,0,0,0,0,-0.135953,-0.950748,0,-0.28312,2,0,0,13,2,2.27,1.095,1.9,1.25,0.01,3,6,0,-0.135953,0,0,0,1,1,1,0,0,0,0,0,0,0,0,0,0,0,0,0,0,0,0,1,1,1,1,1,1,1,1,1,1,1,1,1,0,0,0,0,0,0,1,0
mp-2175,2.2117,F,Tl,6,1.533583001,-1.086859,-0.415606,0,0,2,5,0,0,7,1.47,0.705,0.57,3.98,7.31,17,2,1,-0.415606,0,1,0,0,1,1,1,1,1,1,1,0,0,0,0,0,0,0,0,0,0,0,0,0,0,0,0,0,0,0,0,0,0,0,0,0,0,1,0,0,0,0,0,-0.28502,-0.101507,-0.674544,-4.835747,2,1,10,14,3,1.96,1.3325,1.45,1.62,0.07,13,6,0,-0.101507,0,1,0,0,1,1,1,0,0,0,0,0,1,1,1,1,1,1,1,1,1,1,1,1,1,1,1,1,1,1,1,1,1,1,1,1,0,0,0,0,0,1,0
mp-24721,2.9163,H,Rb,6,3.004287997,-0.233471,0,0,0,1,0,0,0,1,1.1,0.0,0.31,2.2,4.32,1,1,1,-0.233471,1,0,0,0,1,0,0,0,0,0,0,0,0,0,0,0,0,0,0,0,0,0,0,0,0,0,0,0,0,0,0,0,0,0,0,0,1,0,0,0,0,0,0,-0.085375,-0.59217,0,0,1,0,0,0,1,3.03,1.66,2.2,0.82,-0.79,1,5,0,-0.085375,1,0,0,0,1,0,0,0,0,0,0,0,0,0,0,0,0,0,0,0,0,0,0,0,0,0,0,0,0,0,0,0,0,0,0,0,0,0,0,0,1,0,0
mp-22922,0.9522,Cl,Ag,6,2.18635754,-0.754458,-0.32038,0,0,2,5,0,0,7,1.75,0.7799999999999999,1.02,3.16,5.37,17,3,1,-0.32038,0,1,0,0,1,1,1,1,1,1,1,0,0,0,0,0,0,0,0,0,0,0,0,0,0,0,0,0,0,0,0,0,0,0,0,0,0,0,1,0,0,0,0,-0.157407,-2.086602,-0.298706,0,1,0,10,0,1,2.11,1.0866666666666667,1.45,1.93,1.31,11,5,0,-0.157407,0,0,1,0,1,0,0,0,0,0,0,0,1,1,1,1,1,1,1,1,1,1,0,0,0,0,0,0,0,0,0,0,0,0,0,0,0,0,0,0,1,0,0
mp-1060281,3.5086,N,B,6,3.191254419,-0.676151,-0.266297,0,0,2,3,0,0,5,1.55,0.63,0.71,3.04,4.38,15,2,1,-0.266297,0,1,0,0,1,1,1,1,1,0,0,0,0,0,0,0,0,0,0,0,0,0,0,0,0,0,0,0,0,0,0,0,0,0,0,0,0,1,0,0,0,0,0,-0.344701,-0.136603,0,0,2,1,0,0,3,1.92,0.41,0.84,2.04,1.6,13,2,1,-0.136603,0,1,0,0,1,1,1,0,0,0,0,0,0,0,0,0,0,0,0,0,0,0,0,0,0,0,0,0,0,0,0,0,0,0,0,0,0,1,0,0,0,0,0
mp-2114,0.151,N,Y,6,3.139709964,-0.676151,-0.266297,0,0,2,3,0,0,5,1.55,0.63,0.71,3.04,4.38,15,2,1,-0.266297,0,1,0,0,1,1,1,1,1,0,0,0,0,0,0,0,0,0,0,0,0,0,0,0,0,0,0,0,0,0,0,0,0,0,0,0,0,1,0,0,0,0,0,-0.150727,-1.02449,-0.108691,0,2,0,1,0,2,2.32,1.04,1.9,1.22,0.28,3,5,0,-0.108691,0,0,1,0,1,1,0,0,0,0,0,0,1,0,0,0,0,0,0,0,0,0,0,0,0,0,0,0,0,0,0,0,0,0,0,0,0,0,0,0,1,0,0
mp-1000,1.593,Te,Ba,6,3.154016581,-0.520997,-0.226594,-1.608381,0,2,4,10,0,6,2.06,1.2933333333333332,1.38,2.1,2.58,16,5,0,-0.226594,0,1,0,0,1,1,1,1,1,1,0,0,1,1,1,1,1,1,1,1,1,1,0,0,0,0,0,0,0,0,0,0,0,0,0,0,0,0,0,0,1,0,0,-0.118967,-0.698605,0,0,2,0,0,0,2,2.68,1.49,2.15,0.89,-0.36,2,6,0,-0.118967,1,0,0,0,1,1,0,0,0,0,0,0,0,0,0,0,0,0,0,0,0,0,0,0,0,0,0,0,0,0,0,0,0,0,0,0,0,0,0,0,0,1,0
mp-1342,2.0906,O,Ba,6,1.679907881,-0.871362,-0.338381,0,0,2,4,0,0,6,1.52,1.26,0.66,3.44,4.8,16,2,1,-0.338381,0,1,0,0,1,1,1,1,1,1,0,0,0,0,0,0,0,0,0,0,0,0,0,0,0,0,0,0,0,0,0,0,0,0,0,0,0,1,0,0,0,0,0,-0.118967,-0.698605,0,0,2,0,0,0,2,2.68,1.49,2.15,0.89,-0.36,2,6,0,-0.118967,1,0,0,0,1,1,0,0,0,0,0,0,0,0,0,0,0,0,0,0,0,0,0,0,0,0,0,0,0,0,0,0,0,0,0,0,0,0,0,0,0,1,0
mp-1232659,1.3105,O,Mn,6,2.812737527,-0.871362,-0.338381,0,0,2,4,0,0,6,1.52,1.26,0.66,3.44,4.8,16,2,1,-0.338381,0,1,0,0,1,1,1,1,1,1,0,0,0,0,0,0,0,0,0,0,0,0,0,0,0,0,0,0,0,0,0,0,0,0,0,0,0,1,0,0,0,0,0,-0.191136,-1.99145,-0.26654,0,2,0,5,0,2,2.05,0.6483333333333333,1.39,1.55,-0.21,7,4,0,-0.191136,0,0,1,0,1,1,0,0,0,0,0,0,1,1,1,1,1,0,0,0,0,0,0,0,0,0,0,0,0,0,0,0,0,0,0,0,0,0,0,1,0,0,0
mp-19006,0.1844,O,Mn,6,2.408799375,-0.871362,-0.338381,0,0,2,4,0,0,6,1.52,1.26,0.66,3.44,4.8,16,2,1,-0.338381,0,1,0,0,1,1,1,1,1,1,0,0,0,0,0,0,0,0,0,0,0,0,0,0,0,0,0,0,0,0,0,0,0,0,0,0,0,1,0,0,0,0,0,-0.191136,-1.99145,-0.26654,0,2,0,5,0,2,2.05,0.6483333333333333,1.39,1.55,-0.21,7,4,0,-0.191136,0,0,1,0,1,1,0,0,0,0,0,0,1,1,1,1,1,0,0,0,0,0,0,0,0,0,0,0,0,0,0,0,0,0,0,0,0,0,0,1,0,0,0
mp-22862,5.0037,Cl,Na,6,3.890973756,-0.754458,-0.32038,0,0,2,5,0,0,7,1.75,0.7799999999999999,1.02,3.16,5.37,17,3,1,-0.32038,0,1,0,0,1,1,1,1,1,1,1,0,0,0,0,0,0,0,0,0,0,0,0,0,0,0,0,0,0,0,0,0,0,0,0,0,0,0,1,0,0,0,0,-0.103415,-1.060636,0,0,1,0,0,0,1,2.27,1.16,1.66,0.93,-0.03,1,3,1,-0.103415,1,0,0,0,1,0,0,0,0,0,0,0,0,0,0,0,0,0,0,0,0,0,0,0,0,0,0,0,0,0,0,0,0,0,0,0,0,0,1,0,0,0,0
mp-1794,8.1681,O,Be,6,2.955603741,-0.871362,-0.338381,0,0,2,4,0,0,6,1.52,1.26,0.66,3.44,4.8,16,2,1,-0.338381,0,1,0,0,1,1,1,1,1,1,0,0,0,0,0,0,0,0,0,0,0,0,0,0,0,0,0,0,0,0,0,0,0,0,0,0,0,1,0,0,0,0,0,-0.205744,0,0,0,2,0,0,0,2,1.53,0.59,0.96,1.57,1.42,2,2,1,-0.205744,1,0,0,0,1,1,0,0,0,0,0,0,0,0,0,0,0,0,0,0,0,0,0,0,0,0,0,0,0,0,0,0,0,0,0,0,0,1,0,0,0,0,0
mp-1876,0.1031,S,Sn,6,1.639115268,-0.630912,-0.261676,0,0,2,4,0,0,6,1.8,0.88,1.05,2.58,3.31,16,3,1,-0.261676,0,1,0,0,1,1,1,1,1,1,0,0,0,0,0,0,0,0,0,0,0,0,0,0,0,0,0,0,0,0,0,0,0,0,0,0,0,0,1,0,0,0,0,-0.369349,-0.14445,-1.004952,0,2,2,10,0,4,2.17,0.83,1.39,1.96,1.27,14,5,0,-0.14445,0,1,0,0,1,1,1,1,0,0,0,0,1,1,1,1,1,1,1,1,1,1,0,0,0,0,0,0,0,0,0,0,0,0,0,0,0,0,0,0,1,0,0
mp-22905,6.219,Cl,Li,6,2.444517135,-0.754458,-0.32038,0,0,2,5,0,0,7,1.75,0.7799999999999999,1.02,3.16,5.37,17,3,1,-0.32038,0,1,0,0,1,1,1,1,1,1,1,0,0,0,0,0,0,0,0,0,0,0,0,0,0,0,0,0,0,0,0,0,0,0,0,0,0,0,1,0,0,0,0,-0.10554,0,0,0,1,0,0,0,1,1.82,0.9,1.28,0.98,0.06,1,2,1,-0.10554,1,0,0,0,1,0,0,0,0,0,0,0,0,0,0,0,0,0,0,0,0,0,0,0,0,0,0,0,0,0,0,0,0,0,0,0,0,1,0,0,0,0,0
mp-22919,0.7684,I,Ag,6,2.034518001,-0.596339,-0.267904,-1.938179,0,2,5,10,0,7,1.98,1.2733333333333334,1.39,2.66,3.82,17,5,0,-0.267904,0,1,0,0,1,1,1,1,1,1,1,0,1,1,1,1,1,1,1,1,1,1,0,0,0,0,0,0,0,0,0,0,0,0,0,0,0,0,0,0,1,0,0,-0.157407,-2.086602,-0.298706,0,1,0,10,0,1,2.11,1.0866666666666667,1.45,1.93,1.31,11,5,0,-0.157407,0,0,1,0,1,0,0,0,0,0,0,0,1,1,1,1,1,1,1,1,1,1,0,0,0,0,0,0,0,0,0,0,0,0,0,0,0,0,0,0,1,0,0
mp-2605,3.6301,O,Ca,6,2.008619123,-0.871362,-0.338381,0,0,2,4,0,0,6,1.52,1.26,0.66,3.44,4.8,16,2,1,-0.338381,0,1,0,0,1,1,1,1,1,1,0,0,0,0,0,0,0,0,0,0,0,0,0,0,0,0,0,0,0,0,0,0,0,0,0,0,0,1,0,0,0,0,0,-0.141411,-1.030572,0,0,2,0,0,0,2,2.31,1.14,1.76,1.0,0.04,2,4,1,-0.141411,1,0,0,0,1,1,0,0,0,0,0,0,0,0,0,0,0,0,0,0,0,0,0,0,0,0,0,0,0,0,0,0,0,0,0,0,0,0,0,1,0,0,0
mp-1958,1.7616,Te,Sr,6,2.336571803,-0.520997,-0.226594,-1.608381,0,2,4,10,0,6,2.06,1.2933333333333332,1.38,2.1,2.58,16,5,0,-0.226594,0,1,0,0,1,1,1,1,1,1,0,0,1,1,1,1,1,1,1,1,1,1,0,0,0,0,0,0,0,0,0,0,0,0,0,0,0,0,0,0,1,0,0,-0.131793,-0.844489,0,0,2,0,0,0,2,2.49,1.32,1.95,0.95,-0.18,2,5,0,-0.131793,1,0,0,0,1,1,0,0,0,0,0,0,0,0,0,0,0,0,0,0,0,0,0,0,0,0,0,0,0,0,0,0,0,0,0,0,0,0,0,0,1,0,0
mp-1287184,1.9785,O,V,6,3.661034985,-0.871362,-0.338381,0,0,2,4,0,0,6,1.52,1.26,0.66,3.44,4.8,16,2,1,-0.338381,0,1,0,0,1,1,1,1,1,1,0,0,0,0,0,0,0,0,0,0,0,0,0,0,0,0,0,0,0,0,0,0,0,0,0,0,0,1,0,0,0,0,0,-0.175968,-1.610516,-0.204634,0,2,0,3,0,2,2.07,0.7775,1.53,1.63,0.73,5,4,0,-0.175968,0,0,1,0,1,1,0,0,0,0,0,0,1,1,1,0,0,0,0,0,0,0,0,0,0,0,0,0,0,0,0,0,0,0,0,0,0,0,0,1,0,0,0
mp-1883,0.0419,Te,Sn,6,2.583784406,-0.520997,-0.226594,-1.608381,0,2,4,10,0,6,2.06,1.2933333333333332,1.38,2.1,2.58,16,5,0,-0.226594,0,1,0,0,1,1,1,1,1,1,0,0,1,1,1,1,1,1,1,1,1,1,0,0,0,0,0,0,0,0,0,0,0,0,0,0,0,0,0,0,1,0,0,-0.369349,-0.14445,-1.004952,0,2,2,10,0,4,2.17,0.83,1.39,1.96,1.27,14,5,0,-0.14445,0,1,0,0,1,1,1,1,0,0,0,0,1,1,1,1,1,1,1,1,1,1,0,0,0,0,0,0,0,0,0,0,0,0,0,0,0,0,0,0,1,0,0
mp-571386,0.3261,Cl,Cu,6,2.755746,-0.754458,-0.32038,0,0,2,5,0,0,7,1.75,0.7799999999999999,1.02,3.16,5.37,17,3,1,-0.32038,0,1,0,0,1,1,1,1,1,1,1,0,0,0,0,0,0,0,0,0,0,0,0,0,0,0,0,0,0,0,0,0,0,0,0,0,0,0,1,0,0,0,0,-0.172056,-2.609244,-0.202272,0,1,0,10,0,1,1.96,0.82,1.32,1.9,1.31,11,4,0,-0.172056,0,0,1,0,1,0,0,0,0,0,0,0,1,1,1,1,1,1,1,1,1,1,0,0,0,0,0,0,0,0,0,0,0,0,0,0,0,0,0,1,0,0,0
mp-1216,3.4606,O,Yb,6,3.506550779,-0.871362,-0.338381,0,0,2,4,0,0,6,1.52,1.26,0.66,3.44,4.8,16,2,1,-0.338381,0,1,0,0,1,1,1,1,1,1,0,0,0,0,0,0,0,0,0,0,0,0,0,0,0,0,0,0,0,0,0,0,0,0,0,0,0,1,0,0,0,0,0,-0.136989,-0.966137,0,-0.286408,2,0,0,14,2,2.26,1.084,1.87,1.1,-0.19,3,6,0,-0.136989,0,0,0,1,1,1,0,0,0,0,0,0,0,0,0,0,0,0,0,0,0,0,1,1,1,1,1,1,1,1,1,1,1,1,1,1,0,0,0,0,0,1,0
mp-24084,3.4331,H,K,6,2.722690452,-0.233471,0,0,0,1,0,0,0,1,1.1,0.0,0.31,2.2,4.32,1,1,1,-0.233471,1,0,0,0,1,0,0,0,0,0,0,0,0,0,0,0,0,0,0,0,0,0,0,0,0,0,0,0,0,0,0,0,0,0,0,0,1,0,0,0,0,0,0,-0.088815,-0.693776,0,0,1,0,0,0,1,2.75,1.52,2.03,0.82,-0.99,1,4,1,-0.088815,1,0,0,0,1,0,0,0,0,0,0,0,0,0,0,0,0,0,0,0,0,0,0,0,0,0,0,0,0,0,0,0,0,0,0,0,0,0,0,1,0,0,0
mp-10760,1.7609,Se,Mg,6,3.024016683,-0.621248,-0.245806,-2.011392,0,2,4,10,0,6,1.9,1.0133333333333334,1.2,2.55,3.09,16,4,0,-0.245806,0,1,0,0,1,1,1,1,1,1,0,0,1,1,1,1,1,1,1,1,1,1,0,0,0,0,0,0,0,0,0,0,0,0,0,0,0,0,0,1,0,0,0,-0.175427,-1.71897,0,0,2,0,0,0,2,1.73,0.86,1.41,1.31,0.78,2,3,1,-0.175427,1,0,0,0,1,1,0,0,0,0,0,0,0,0,0,0,0,0,0,0,0,0,0,0,0,0,0,0,0,0,0,0,0,0,0,0,0,0,1,0,0,0,0
mp-570354,0.2019,Br,Cu,6,3.090823292,-0.720066,-0.295334,-2.52211,0,2,5,10,0,7,1.85,0.8825000000000001,1.2,2.96,4.73,17,4,0,-0.295334,0,1,0,0,1,1,1,1,1,1,1,0,1,1,1,1,1,1,1,1,1,1,0,0,0,0,0,0,0,0,0,0,0,0,0,0,0,0,0,1,0,0,0,-0.172056,-2.609244,-0.202272,0,1,0,10,0,1,1.96,0.82,1.32,1.9,1.31,11,4,0,-0.172056,0,0,1,0,1,0,0,0,0,0,0,0,1,1,1,1,1,1,1,1,1,1,0,0,0,0,0,0,0,0,0,0,0,0,0,0,0,0,0,1,0,0,0
mp-1315,2.7574,S,Mg,6,2.135235003,-0.630912,-0.261676,0,0,2,4,0,0,6,1.8,0.88,1.05,2.58,3.31,16,3,1,-0.261676,0,1,0,0,1,1,1,1,1,1,0,0,0,0,0,0,0,0,0,0,0,0,0,0,0,0,0,0,0,0,0,0,0,0,0,0,0,0,1,0,0,0,0,-0.175427,-1.71897,0,0,2,0,0,0,2,1.73,0.86,1.41,1.31,0.78,2,3,1,-0.175427,1,0,0,0,1,1,0,0,0,0,0,0,0,0,0,0,0,0,0,0,0,0,0,0,0,0,0,0,0,0,0,0,0,0,0,0,0,0,1,0,0,0,0
mp-2693,0.207,Se,Sn,6,2.097001199,-0.621248,-0.245806,-2.011392,0,2,4,10,0,6,1.9,1.0133333333333334,1.2,2.55,3.09,16,4,0,-0.245806,0,1,0,0,1,1,1,1,1,1,0,0,1,1,1,1,1,1,1,1,1,1,0,0,0,0,0,0,0,0,0,0,0,0,0,0,0,0,0,1,0,0,0,-0.369349,-0.14445,-1.004952,0,2,2,10,0,4,2.17,0.83,1.39,1.96,1.27,14,5,0,-0.14445,0,1,0,0,1,1,1,1,0,0,0,0,1,1,1,1,1,1,1,1,1,1,0,0,0,0,0,0,0,0,0,0,0,0,0,0,0,0,0,0,1,0,0
mp-634101,2.784,Cl,H,6,2.80255544,-0.754458,-0.32038,0,0,2,5,0,0,7,1.75,0.7799999999999999,1.02,3.16,5.37,17,3,1,-0.32038,0,1,0,0,1,1,1,1,1,1,1,0,0,0,0,0,0,0,0,0,0,0,0,0,0,0,0,0,0,0,0,0,0,0,0,0,0,0,1,0,0,0,0,-0.233471,0,0,0,1,0,0,0,1,1.1,0.0,0.31,2.2,4.32,1,1,1,-0.233471,1,0,0,0,1,0,0,0,0,0,0,0,0,0,0,0,0,0,0,0,0,0,0,0,0,0,0,0,0,0,0,0,0,0,0,0,1,0,0,0,0,0,0
mp-2612,0.4068,Te,Ge,6,2.892169411,-0.520997,-0.226594,-1.608381,0,2,4,10,0,6,2.06,1.2933333333333332,1.38,2.1,2.58,16,5,0,-0.226594,0,1,0,0,1,1,1,1,1,1,0,0,1,1,1,1,1,1,1,1,1,1,0,0,0,0,0,0,0,0,0,0,0,0,0,0,0,0,0,0,1,0,0,-0.426523,-0.149882,-1.117316,0,2,2,10,0,4,2.11,0.77,1.2,2.01,1.69,14,4,0,-0.149882,0,1,0,0,1,1,1,1,0,0,0,0,1,1,1,1,1,1,1,1,1,1,0,0,0,0,0,0,0,0,0,0,0,0,0,0,0,0,0,1,0,0,0
mp-19184,0.9701,O,V,6,3.542435455,-0.871362,-0.338381,0,0,2,4,0,0,6,1.52,1.26,0.66,3.44,4.8,16,2,1,-0.338381,0,1,0,0,1,1,1,1,1,1,0,0,0,0,0,0,0,0,0,0,0,0,0,0,0,0,0,0,0,0,0,0,0,0,0,0,0,1,0,0,0,0,0,-0.175968,-1.610516,-0.204634,0,2,0,3,0,2,2.07,0.7775,1.53,1.63,0.73,5,4,0,-0.175968,0,0,1,0,1,1,0,0,0,0,0,0,1,1,1,0,0,0,0,0,0,0,0,0,0,0,0,0,0,0,0,0,0,0,0,0,0,0,0,1,0,0,0
mp-1057286,2.3475,H,Cs,6,3.270896674,-0.233471,0,0,0,1,0,0,0,1,1.1,0.0,0.31,2.2,4.32,1,1,1,-0.233471,1,0,0,0,1,0,0,0,0,0,0,0,0,0,0,0,0,0,0,0,0,0,0,0,0,0,0,0,0,0,0,0,0,0,0,0,1,0,0,0,0,0,0,-0.078699,-0.504903,0,0,1,0,0,0,1,3.43,1.81,2.44,0.79,-1.35,1,6,0,-0.078699,1,0,0,0,1,0,0,0,0,0,0,0,0,0,0,0,0,0,0,0,0,0,0,0,0,0,0,0,0,0,0,0,0,0,0,0,0,0,0,0,0,1,0
mp-2758,2.2313,Se,Sr,6,2.199877577,-0.621248,-0.245806,-2.011392,0,2,4,10,0,6,1.9,1.0133333333333334,1.2,2.55,3.09,16,4,0,-0.245806,0,1,0,0,1,1,1,1,1,1,0,0,1,1,1,1,1,1,1,1,1,1,0,0,0,0,0,0,0,0,0,0,0,0,0,0,0,0,0,1,0,0,0,-0.131793,-0.844489,0,0,2,0,0,0,2,2.49,1.32,1.95,0.95,-0.18,2,5,0,-0.131793,1,0,0,0,1,1,0,0,0,0,0,0,0,0,0,0,0,0,0,0,0,0,0,0,0,0,0,0,0,0,0,0,0,0,0,0,0,0,0,0,1,0,0
mp-1779,1.4678,Te,Yb,6,2.093166626,-0.520997,-0.226594,-1.608381,0,2,4,10,0,6,2.06,1.2933333333333332,1.38,2.1,2.58,16,5,0,-0.226594,0,1,0,0,1,1,1,1,1,1,0,0,1,1,1,1,1,1,1,1,1,1,0,0,0,0,0,0,0,0,0,0,0,0,0,0,0,0,0,0,1,0,0,-0.136989,-0.966137,0,-0.286408,2,0,0,14,2,2.26,1.084,1.87,1.1,-0.19,3,6,0,-0.136989,0,0,0,1,1,1,0,0,0,0,0,0,0,0,0,0,0,0,0,0,0,0,1,1,1,1,1,1,1,1,1,1,1,1,1,1,0,0,0,0,0,1,0
mp-2352325,1.5518,Br,H,6,3.006139399,-0.720066,-0.295334,-2.52211,0,2,5,10,0,7,1.85,0.8825000000000001,1.2,2.96,4.73,17,4,0,-0.295334,0,1,0,0,1,1,1,1,1,1,1,0,1,1,1,1,1,1,1,1,1,1,0,0,0,0,0,0,0,0,0,0,0,0,0,0,0,0,0,1,0,0,0,-0.233471,0,0,0,1,0,0,0,1,1.1,0.0,0.31,2.2,4.32,1,1,1,-0.233471,1,0,0,0,1,0,0,0,0,0,0,0,0,0,0,0,0,0,0,0,0,0,0,0,0,0,0,0,0,0,0,0,0,0,0,0,1,0,0,0,0,0,0
mp-938,0.8086,Te,Ge,6,2.654413079,-0.520997,-0.226594,-1.608381,0,2,4,10,0,6,2.06,1.2933333333333332,1.38,2.1,2.58,16,5,0,-0.226594,0,1,0,0,1,1,1,1,1,1,0,0,1,1,1,1,1,1,1,1,1,1,0,0,0,0,0,0,0,0,0,0,0,0,0,0,0,0,0,0,1,0,0,-0.426523,-0.149882,-1.117316,0,2,2,10,0,4,2.11,0.77,1.2,2.01,1.69,14,4,0,-0.149882,0,1,0,0,1,1,1,1,0,0,0,0,1,1,1,1,1,1,1,1,1,1,0,0,0,0,0,0,0,0,0,0,0,0,0,0,0,0,0,1,0,0,0
mp-19830,0.1243,N,Er,6,2.925044876,-0.676151,-0.266297,0,0,2,3,0,0,5,1.55,0.63,0.71,3.04,4.38,15,2,1,-0.266297,0,1,0,0,1,1,1,1,1,0,0,0,0,0,0,0,0,0,0,0,0,0,0,0,0,0,0,0,0,0,0,0,0,0,0,0,0,1,0,0,0,0,0,-0.134905,-0.935202,0,-0.278577,2,0,0,12,2,2.29,1.03,1.89,1.24,0.08,3,6,0,-0.134905,0,0,0,1,1,1,0,0,0,0,0,0,0,0,0,0,0,0,0,0,0,0,1,1,1,1,1,1,1,1,1,1,1,1,0,0,0,0,0,0,0,1,0
mp-1078801,3.8727,I,Cs,6,3.21865664,-0.596339,-0.267904,-1.938179,0,2,5,10,0,7,1.98,1.2733333333333334,1.39,2.66,3.82,17,5,0,-0.267904,0,1,0,0,1,1,1,1,1,1,1,0,1,1,1,1,1,1,1,1,1,1,0,0,0,0,0,0,0,0,0,0,0,0,0,0,0,0,0,0,1,0,0,-0.078699,-0.504903,0,0,1,0,0,0,1,3.43,1.81,2.44,0.79,-1.35,1,6,0,-0.078699,1,0,0,0,1,0,0,0,0,0,0,0,0,0,0,0,0,0,0,0,0,0,0,0,0,0,0,0,0,0,0,0,0,0,0,0,0,0,0,0,0,1,0
mp-1057015,1.0366,S,Pb,6,3.195854214,-0.630912,-0.261676,0,0,2,4,0,0,6,1.8,0.88,1.05,2.58,3.31,16,3,1,-0.261676,0,1,0,0,1,1,1,1,1,1,0,0,0,0,0,0,0,0,0,0,0,0,0,0,0,0,0,0,0,0,0,0,0,0,0,0,0,0,1,0,0,0,0,-0.357187,-0.141831,-0.902393,-5.592532,2,2,10,14,4,2.02,1.1225,1.46,2.33,0.86,14,6,0,-0.141831,0,1,0,0,1,1,1,1,0,0,0,0,1,1,1,1,1,1,1,1,1,1,1,1,1,1,1,1,1,1,1,1,1,1,1,1,0,0,0,0,0,1,0
mp-730522,2.4739,Br,H,6,2.808453527,-0.720066,-0.295334,-2.52211,0,2,5,10,0,7,1.85,0.8825000000000001,1.2,2.96,4.73,17,4,0,-0.295334,0,1,0,0,1,1,1,1,1,1,1,0,1,1,1,1,1,1,1,1,1,1,0,0,0,0,0,0,0,0,0,0,0,0,0,0,0,0,0,1,0,0,0,-0.233471,0,0,0,1,0,0,0,1,1.1,0.0,0.31,2.2,4.32,1,1,1,-0.233471,1,0,0,0,1,0,0,0,0,0,0,0,0,0,0,0,0,0,0,0,0,0,0,0,0,0,0,0,0,0,0,0,0,0,0,0,1,0,0,0,0,0,0
mp-1410,0.0431,N,Dy,6,3.333621774,-0.676151,-0.266297,0,0,2,3,0,0,5,1.55,0.63,0.71,3.04,4.38,15,2,1,-0.266297,0,1,0,0,1,1,1,1,1,0,0,0,0,0,0,0,0,0,0,0,0,0,0,0,0,0,0,0,0,0,0,0,0,0,0,0,0,1,0,0,0,0,0,-0.132769,-0.90349,0,-0.265302,2,0,0,10,2,2.31,1.131,1.92,1.22,0.27,3,6,0,-0.132769,0,0,0,1,1,1,0,0,0,0,0,0,0,0,0,0,0,0,0,0,0,0,1,1,1,1,1,1,1,1,1,1,0,0,0,0,0,0,0,0,0,1,0
mp-1330,4.4175,N,Al,6,3.294540944,-0.676151,-0.266297,0,0,2,3,0,0,5,1.55,0.63,0.71,3.04,4.38,15,2,1,-0.266297,0,1,0,0,1,1,1,1,1,0,0,0,0,0,0,0,0,0,0,0,0,0,0,0,0,0,0,0,0,0,0,0,0,0,0,0,0,1,0,0,0,0,0,-0.286883,-0.102545,0,0,2,1,0,0,3,1.84,0.675,1.21,1.61,0.35,13,3,1,-0.102545,0,1,0,0,1,1,1,0,0,0,0,0,0,0,0,0,0,0,0,0,0,0,0,0,0,0,0,0,0,0,0,0,0,0,0,0,0,0,1,0,0,0,0
mp-23703,2.981,H,Li,6,2.970238038,-0.233471,0,0,0,1,0,0,0,1,1.1,0.0,0.31,2.2,4.32,1,1,1,-0.233471,1,0,0,0,1,0,0,0,0,0,0,0,0,0,0,0,0,0,0,0,0,0,0,0,0,0,0,0,0,0,0,0,0,0,0,0,1,0,0,0,0,0,0,-0.10554,0,0,0,1,0,0,0,1,1.82,0.9,1.28,0.98,0.06,1,2,1,-0.10554,1,0,0,0,1,0,0,0,0,0,0,0,0,0,0,0,0,0,0,0,0,0,0,0,0,0,0,0,0,0,0,0,0,0,0,0,0,1,0,0,0,0,0
mp-1228677,1.296,Cl,Au,6,3.455949709,-0.754458,-0.32038,0,0,2,5,0,0,7,1.75,0.7799999999999999,1.02,3.16,5.37,17,3,1,-0.32038,0,1,0,0,1,1,1,1,1,1,1,0,0,0,0,0,0,0,0,0,0,0,0,0,0,0,0,0,0,0,0,0,0,0,0,0,0,0,1,0,0,0,0,-0.162334,-2.002495,-0.304738,-3.486824,1,0,10,14,1,2.14,1.07,1.36,2.54,3.01,11,6,0,-0.162334,0,0,1,0,1,0,0,0,0,0,0,0,1,1,1,1,1,1,1,1,1,1,1,1,1,1,1,1,1,1,1,1,1,1,1,1,0,0,0,0,0,1,0
mp-571222,4.2575,Br,Cs,6,2.285893512,-0.720066,-0.295334,-2.52211,0,2,5,10,0,7,1.85,0.8825000000000001,1.2,2.96,4.73,17,4,0,-0.295334,0,1,0,0,1,1,1,1,1,1,1,0,1,1,1,1,1,1,1,1,1,1,0,0,0,0,0,0,0,0,0,0,0,0,0,0,0,0,0,1,0,0,0,-0.078699,-0.504903,0,0,1,0,0,0,1,3.43,1.81,2.44,0.79,-1.35,1,6,0,-0.078699,1,0,0,0,1,0,0,0,0,0,0,0,0,0,0,0,0,0,0,0,0,0,0,0,0,0,0,0,0,0,0,0,0,0,0,0,0,0,0,0,0,1,0
mp-2472,3.2748,O,Sr,6,2.041713517,-0.871362,-0.338381,0,0,2,4,0,0,6,1.52,1.26,0.66,3.44,4.8,16,2,1,-0.338381,0,1,0,0,1,1,1,1,1,1,0,0,0,0,0,0,0,0,0,0,0,0,0,0,0,0,0,0,0,0,0,0,0,0,0,0,0,1,0,0,0,0,0,-0.131793,-0.844489,0,0,2,0,0,0,2,2.49,1.32,1.95,0.95,-0.18,2,5,0,-0.131793,1,0,0,0,1,1,0,0,0,0,0,0,0,0,0,0,0,0,0,0,0,0,0,0,0,0,0,0,0,0,0,0,0,0,0,0,0,0,0,0,1,0,0
mp-1008786,0.4271,Te,Mg,6,2.972395218,-0.520997,-0.226594,-1.608381,0,2,4,10,0,6,2.06,1.2933333333333332,1.38,2.1,2.58,16,5,0,-0.226594,0,1,0,0,1,1,1,1,1,1,0,0,1,1,1,1,1,1,1,1,1,1,0,0,0,0,0,0,0,0,0,0,0,0,0,0,0,0,0,0,1,0,0,-0.175427,-1.71897,0,0,2,0,0,0,2,1.73,0.86,1.41,1.31,0.78,2,3,1,-0.175427,1,0,0,0,1,1,0,0,0,0,0,0,0,0,0,0,0,0,0,0,0,0,0,0,0,0,0,0,0,0,0,0,0,0,0,0,0,0,1,0,0,0,0
mp-614603,3.8556,I,Cs,6,3.905080347,-0.596339,-0.267904,-1.938179,0,2,5,10,0,7,1.98,1.2733333333333334,1.39,2.66,3.82,17,5,0,-0.267904,0,1,0,0,1,1,1,1,1,1,1,0,1,1,1,1,1,1,1,1,1,1,0,0,0,0,0,0,0,0,0,0,0,0,0,0,0,0,0,0,1,0,0,-0.078699,-0.504903,0,0,1,0,0,0,1,3.43,1.81,2.44,0.79,-1.35,1,6,0,-0.078699,1,0,0,0,1,0,0,0,0,0,0,0,0,0,0,0,0,0,0,0,0,0,0,0,0,0,0,0,0,0,0,0,0,0,0,0,0,0,0,0,0,1,0
mp-23870,3.7666,H,Na,6,2.38642145,-0.233471,0,0,0,1,0,0,0,1,1.1,0.0,0.31,2.2,4.32,1,1,1,-0.233471,1,0,0,0,1,0,0,0,0,0,0,0,0,0,0,0,0,0,0,0,0,0,0,0,0,0,0,0,0,0,0,0,0,0,0,0,1,0,0,0,0,0,0,-0.103415,-1.060636,0,0,1,0,0,0,1,2.27,1.16,1.66,0.93,-0.03,1,3,1,-0.103415,1,0,0,0,1,0,0,0,0,0,0,0,0,0,0,0,0,0,0,0,0,0,0,0,0,0,0,0,0,0,0,0,0,0,0,0,0,0,1,0,0,0,0
